model,dataset,method,layer,auroc,auroc_std,accuracy,f1,auprc
llama3.1-8b,fever,probe_linear,0,0.5,0.0,0.5041666666666667,0.4517906336088154,0.5125
llama3.1-8b,fever,probe_linear,1,0.6510318949343339,0.0672423643985264,0.5333333333333333,0.6466352864169723,0.6800831812275675
llama3.1-8b,fever,probe_linear,2,0.7383781530122994,0.07333595007460214,0.6916666666666668,0.701370781537218,0.7777533629490122
llama3.1-8b,fever,probe_linear,3,0.7569314154680008,0.06544097812572368,0.6708333333333334,0.63327721661055,0.7706590290222546
llama3.1-8b,fever,probe_linear,4,0.7894517406712529,0.05932172956642065,0.6833333333333335,0.7190886408277711,0.7961709422908267
llama3.1-8b,fever,probe_linear,5,0.7969564311027725,0.04395073721556813,0.7374999999999999,0.7481481481481481,0.7863543142324364
llama3.1-8b,fever,probe_linear,6,0.8159266208046696,0.044753212201605004,0.7375000000000002,0.7485049112094497,0.8220830488116517
llama3.1-8b,fever,probe_linear,7,0.8286429018136335,0.04766392074621692,0.6708333333333334,0.7187269110542768,0.8216855101012435
llama3.1-8b,fever,probe_linear,8,0.8278090473212424,0.04816547387667988,0.6625,0.7068208479973186,0.8338475927084784
llama3.1-8b,fever,probe_linear,9,0.8845111528038357,0.02845051163371127,0.7583333333333333,0.7670988187842122,0.8915964119271046
llama3.1-8b,fever,probe_linear,10,0.9132791327913279,0.014598408505325533,0.8166666666666665,0.8254580690627202,0.9134888379815388
llama3.1-8b,fever,probe_linear,11,0.9355847404627893,0.010868134582228151,0.8333333333333334,0.8425520262869662,0.9334541008384433
llama3.1-8b,fever,probe_linear,12,0.9441317490097978,0.003763908710708302,0.8666666666666666,0.8709688843557651,0.9414409577598123
llama3.1-8b,fever,probe_linear,13,0.9472587033562644,0.00892263271170843,0.875,0.8827212410055135,0.9438554363802392
llama3.1-8b,fever,probe_linear,14,0.9466333124869711,0.013021886751504208,0.8583333333333334,0.865035547800724,0.938526637951787
llama3.1-8b,fever,probe_linear,15,0.9514279758182198,0.010468942697093793,0.8791666666666668,0.8794684385382059,0.949662807252723
llama3.1-8b,fever,probe_linear,16,0.9514279758182198,0.008301983636330973,0.8625000000000002,0.8499872676343264,0.9460084123574907
llama3.1-8b,fever,probe_linear,17,0.9547633937877841,0.009652563604578036,0.8583333333333334,0.8473214986759174,0.9531136756164007
llama3.1-8b,fever,probe_linear,18,0.9526787575568063,0.0069702953918284564,0.8708333333333332,0.874988043998087,0.9523708767465561
llama3.1-8b,fever,probe_linear,19,0.9476756306024599,0.008301983636330973,0.875,0.879548051522772,0.9467233294489413
llama3.1-8b,fever,probe_linear,20,0.9487179487179488,0.006020233094931737,0.8708333333333335,0.8783039133277294,0.9474008920847035
llama3.1-8b,fever,probe_linear,21,0.9451740671252867,0.007387969625461466,0.8583333333333333,0.8624274521612318,0.9435307479760663
llama3.1-8b,fever,probe_linear,22,0.9464248488638732,0.0060919904924754895,0.8583333333333333,0.8596483382710068,0.9455878573086002
llama3.1-8b,fever,probe_linear,23,0.9416301855326245,0.006857154139419821,0.8583333333333333,0.8596483382710068,0.9411062142919034
llama3.1-8b,fever,probe_linear,24,0.9393370856785491,0.007556626625137345,0.8583333333333334,0.8592795257637938,0.9390532147762324
llama3.1-8b,fever,probe_linear,25,0.9410047946633312,0.00794899977691793,0.8333333333333334,0.8330902813661435,0.9427565172744683
llama3.1-8b,fever,probe_linear,26,0.9420471127788201,0.007799994552374267,0.8583333333333334,0.857277120149749,0.9441065727462946
llama3.1-8b,fever,probe_linear,27,0.9416301855326247,0.008143433389461975,0.85,0.8465568199205946,0.9439815798507788
llama3.1-8b,fever,probe_linear,28,0.9426725036481134,0.0095028320367242,0.85,0.8416957026713124,0.9455002346387023
llama3.1-8b,fever,probe_linear,29,0.9420471127788201,0.014660788803433166,0.85,0.837909722413735,0.9462376295654013
llama3.1-8b,fever,probe_linear,30,0.9410047946633312,0.012108847806093458,0.8333333333333334,0.8203857145856013,0.9454780536522507
llama3.1-8b,fever,probe_linear,31,0.9401709401709403,0.015098869261815135,0.7333333333333334,0.6373745173745173,0.9436008001362078
llama3.1-8b,fever,probe_linear,32,0.9428809672712112,0.019412877593200418,0.7875,0.727728006041259,0.9447705015479563
llama3.1-8b,fever,probe_mlp,0,0.5,0.0,0.5041666666666667,0.4517906336088154,0.5125
llama3.1-8b,fever,probe_mlp,1,0.6810506566604128,0.07608893686354296,0.6291666666666667,0.6634893017668136,0.6623628370377248
llama3.1-8b,fever,probe_mlp,2,0.7598499061913695,0.07018509226637164,0.6541666666666667,0.7021822366356313,0.7697881374323036
llama3.1-8b,fever,probe_mlp,3,0.7921617677715239,0.042176678400921666,0.6625000000000001,0.624506690292828,0.7920487307821645
llama3.1-8b,fever,probe_mlp,4,0.8171774025432562,0.024517307363750948,0.7291666666666666,0.7236967140689862,0.8178321531733453
llama3.1-8b,fever,probe_mlp,5,0.8140504481967897,0.02464459738358416,0.7333333333333334,0.7418559654704099,0.8194036547567228
llama3.1-8b,fever,probe_mlp,6,0.8244736293516782,0.027698218866295983,0.7166666666666667,0.7208444770127128,0.8317751785748783
llama3.1-8b,fever,probe_mlp,7,0.856368563685637,0.026008708941919617,0.7208333333333332,0.7396066716455065,0.8612014815616978
llama3.1-8b,fever,probe_mlp,8,0.8840942255576402,0.02033776064250329,0.7416666666666667,0.731351267115643,0.8881571356287944
llama3.1-8b,fever,probe_mlp,9,0.9095267875755679,0.02513175744036774,0.8249999999999998,0.8230750024008451,0.9157104041038174
llama3.1-8b,fever,probe_mlp,10,0.9268292682926829,0.02273878544427496,0.85,0.8499478840942256,0.929566723074602
llama3.1-8b,fever,probe_mlp,11,0.9439232853866999,0.018998803235462908,0.8375,0.8467372134038801,0.9491252994328022
llama3.1-8b,fever,probe_mlp,12,0.9466333124869711,0.009024332216766046,0.8458333333333333,0.845227062094532,0.9463486068238396
llama3.1-8b,fever,probe_mlp,13,0.9449656035021888,0.017622267421645195,0.8583333333333333,0.8672784056151196,0.9443800286253126
llama3.1-8b,fever,probe_mlp,14,0.9460079216176777,0.013435799911879983,0.8583333333333334,0.8536904525276618,0.9461649551194752
llama3.1-8b,fever,probe_mlp,15,0.9524702939337085,0.0116776848648413,0.8541666666666666,0.8628598770840713,0.9506967371513143
llama3.1-8b,fever,probe_mlp,16,0.9528872211799041,0.006505935599052417,0.8708333333333332,0.8809732664995823,0.9497719357948075
llama3.1-8b,fever,probe_mlp,17,0.9533041484260997,0.002570112154667022,0.8625000000000002,0.869983948635634,0.9516402056322223
llama3.1-8b,fever,probe_mlp,18,0.9518449030644153,0.007861041332067921,0.8666666666666667,0.8743500771094954,0.9475685279902759
llama3.1-8b,fever,probe_mlp,19,0.9466333124869711,0.003899997276187124,0.8458333333333333,0.842928482254325,0.9426404095425026
llama3.1-8b,fever,probe_mlp,20,0.9453825307483844,0.004576714279779065,0.8208333333333333,0.817716425133077,0.9418955341523532
llama3.1-8b,fever,probe_mlp,21,0.9437148217636023,0.005029117399130642,0.8416666666666667,0.8488215992144751,0.9419563654702691
llama3.1-8b,fever,probe_mlp,22,0.9405878674171357,0.004679996731424512,0.85,0.8474154371173341,0.9386898197675219
llama3.1-8b,fever,probe_mlp,23,0.9387116948092556,0.004052996059041791,0.8208333333333333,0.8245112375547158,0.9388488711271634
llama3.1-8b,fever,probe_mlp,24,0.9426725036481134,0.004959506880704758,0.8458333333333332,0.8495210727969349,0.9392620699730546
llama3.1-8b,fever,probe_mlp,25,0.9364185949551803,0.004158836219149437,0.8375,0.8414771496642842,0.9348804315505634
llama3.1-8b,fever,probe_mlp,26,0.9437148217636023,0.002701997372694573,0.8541666666666666,0.8534666875032557,0.9429865708095848
llama3.1-8b,fever,probe_mlp,27,0.9441317490097978,0.004633335578672695,0.8666666666666666,0.8726569198140878,0.942485560227338
llama3.1-8b,fever,probe_mlp,28,0.9445486762559933,0.006970295391828488,0.8458333333333333,0.8531936563363889,0.9429984565458408
llama3.1-8b,fever,probe_mlp,29,0.9483010214717531,0.011015088441628424,0.8458333333333333,0.8498778998778999,0.9475992312752931
llama3.1-8b,fever,probe_mlp,30,0.9474671669793621,0.0077272265969775145,0.85,0.8634541351387229,0.9504680393658846
llama3.1-8b,fever,probe_mlp,31,0.9464248488638732,0.014024505475550692,0.8583333333333334,0.8584633204141768,0.945160656391994
llama3.1-8b,fever,probe_mlp,32,0.9449656035021888,0.011699991828561431,0.8458333333333333,0.8391435429106662,0.943772337035994
llama3.1-8b,halueval_qa,probe_linear,0,0.9824999999999999,0.015215466363758477,0.9291666666666666,0.9251000873382922,0.9763037524610366
llama3.1-8b,halueval_qa,probe_linear,1,0.9827083333333334,0.013427402536935005,0.9625,0.9620807514118025,0.9791429260643371
llama3.1-8b,halueval_qa,probe_linear,2,0.9835416666666666,0.011323065201417647,0.9583333333333334,0.9583067740249311,0.9829500797186134
llama3.1-8b,halueval_qa,probe_linear,3,0.9897916666666666,0.011796156389076759,0.9583333333333334,0.9583067740249311,0.9872700600947725
llama3.1-8b,halueval_qa,probe_linear,4,0.9906250000000001,0.012818850052429288,0.9541666666666666,0.9537499273628214,0.9887544623728458
llama3.1-8b,halueval_qa,probe_linear,5,0.9908333333333332,0.004340138886666594,0.9666666666666667,0.9666375980739125,0.9902518317898403
llama3.1-8b,halueval_qa,probe_linear,6,0.9929166666666666,0.006045257553561187,0.9583333333333334,0.9585157390035439,0.9920857659675234
llama3.1-8b,halueval_qa,probe_linear,7,0.9945833333333333,0.0050346024889976835,0.9666666666666667,0.9670627475505524,0.9941535529851927
llama3.1-8b,halueval_qa,probe_linear,8,0.9927083333333333,0.007222889926399832,0.9624999999999999,0.962622743110548,0.9906115222120663
llama3.1-8b,halueval_qa,probe_linear,9,0.9939583333333334,0.006852868418082709,0.9624999999999999,0.9629515282494596,0.9925550089124529
llama3.1-8b,halueval_qa,probe_linear,10,0.9933333333333333,0.006776439986371041,0.9666666666666667,0.9672764227642277,0.9916969949751705
llama3.1-8b,halueval_qa,probe_linear,11,0.9929166666666666,0.00781180552468858,0.9666666666666667,0.9672764227642277,0.9898235861026632
llama3.1-8b,halueval_qa,probe_linear,12,0.9920833333333333,0.00948317223061752,0.9708333333333332,0.9714945297601124,0.9864942559512855
llama3.1-8b,halueval_qa,probe_linear,13,0.9952083333333333,0.0034736108334443815,0.975,0.9754090133493927,0.9948794358458567
llama3.1-8b,halueval_qa,probe_linear,14,0.9970833333333333,0.0029017475577466667,0.9666666666666667,0.9674796747967479,0.9970828841937635
llama3.1-8b,halueval_qa,probe_linear,15,0.9981249999999999,0.0015309310892394536,0.9791666666666666,0.9796246110609254,0.9981520372790113
llama3.1-8b,halueval_qa,probe_linear,16,0.9972916666666666,0.0023011168785806737,0.975,0.9755093847234768,0.997299851917952
llama3.1-8b,halueval_qa,probe_linear,17,0.9968750000000001,0.0027003086243365853,0.975,0.9755093847234768,0.9967563600099482
llama3.1-8b,halueval_qa,probe_linear,18,0.9968750000000001,0.0031040967553648486,0.9791666666666666,0.9794238683127571,0.9967096185569567
llama3.1-8b,halueval_qa,probe_linear,19,0.99625,0.0035721725415587577,0.9791666666666666,0.9794238683127571,0.9959493483612026
llama3.1-8b,halueval_qa,probe_linear,20,0.9970833333333333,0.003240906080438326,0.975,0.9755093847234768,0.99691795189029
llama3.1-8b,halueval_qa,probe_linear,21,0.995625,0.003985651347856036,0.975,0.9755093847234768,0.995156039658411
llama3.1-8b,halueval_qa,probe_linear,22,0.9943750000000001,0.007071067811865481,0.975,0.9755093847234768,0.9924834759132883
llama3.1-8b,halueval_qa,probe_linear,23,0.9945833333333334,0.006339635022792861,0.975,0.9755093847234768,0.9931304057378497
llama3.1-8b,halueval_qa,probe_linear,24,0.9950000000000001,0.006208193510729749,0.975,0.9755093847234768,0.9941270593094743
llama3.1-8b,halueval_qa,probe_linear,25,0.9943750000000001,0.0070894581363223205,0.975,0.9755093847234768,0.9931877818583995
llama3.1-8b,halueval_qa,probe_linear,26,0.9941666666666666,0.007383352144445562,0.975,0.9755093847234768,0.9923022142037367
llama3.1-8b,halueval_qa,probe_linear,27,0.9935416666666667,0.008265347677032272,0.975,0.9755093847234768,0.991774662707866
llama3.1-8b,halueval_qa,probe_linear,28,0.9925,0.00928428331464884,0.975,0.9755093847234768,0.9890730139609962
llama3.1-8b,halueval_qa,probe_linear,29,0.9908333333333333,0.012090515107122427,0.9708333333333332,0.9714945297601124,0.9816141951149824
llama3.1-8b,halueval_qa,probe_linear,30,0.9904166666666666,0.011829224638815312,0.9708333333333332,0.9714945297601124,0.9860296464091148
llama3.1-8b,halueval_qa,probe_linear,31,0.9910416666666667,0.010133655422512782,0.9666666666666667,0.9672764227642277,0.9897717403650246
llama3.1-8b,halueval_qa,probe_linear,32,0.9904166666666666,0.011829224638815312,0.9625,0.9637562596063266,0.9866695604977603
llama3.1-8b,halueval_qa,probe_mlp,0,0.9810416666666667,0.01902803122296742,0.6625,0.7736625514403291,0.9779788159906597
llama3.1-8b,halueval_qa,probe_mlp,1,0.984375,0.011191980015469411,0.6583333333333333,0.7696476964769646,0.9845599516296403
llama3.1-8b,halueval_qa,probe_mlp,2,0.9781249999999999,0.01947220240924654,0.6416666666666667,0.5317460317460317,0.972344736615456
llama3.1-8b,halueval_qa,probe_mlp,3,0.9852083333333334,0.019157606554287786,0.9291666666666666,0.9353167158045207,0.9801480722868418
llama3.1-8b,halueval_qa,probe_mlp,4,0.9847916666666666,0.018918226807910863,0.9708333333333333,0.9714945297601124,0.9810390523661588
llama3.1-8b,halueval_qa,probe_mlp,5,0.9870833333333332,0.013885068919126378,0.9708333333333333,0.9714945297601124,0.98157720925222
llama3.1-8b,halueval_qa,probe_mlp,6,0.991875,0.006208193510729697,0.9708333333333333,0.9714945297601124,0.9906939765813784
llama3.1-8b,halueval_qa,probe_mlp,7,0.9925,0.0070710678118654285,0.9666666666666667,0.9674796747967479,0.9912485417892335
llama3.1-8b,halueval_qa,probe_mlp,8,0.9929166666666666,0.00781180552468858,0.9666666666666667,0.9674796747967479,0.9908474697611874
llama3.1-8b,halueval_qa,probe_mlp,9,0.9943750000000001,0.006270798726371789,0.9583333333333334,0.9589430894308943,0.9929419136743576
llama3.1-8b,halueval_qa,probe_mlp,10,0.995625,0.0044487826050130345,0.9666666666666667,0.9674796747967479,0.9950758328658059
llama3.1-8b,halueval_qa,probe_mlp,11,0.9925,0.0075173410636119094,0.9666666666666667,0.9674796747967479,0.9894318420066508
llama3.1-8b,halueval_qa,probe_mlp,12,0.9933333333333333,0.008138343743593549,0.9708333333333333,0.9713941583860283,0.9902351714685169
llama3.1-8b,halueval_qa,probe_mlp,13,0.995,0.005796011559684775,0.9708333333333333,0.9713941583860283,0.9940597439411804
llama3.1-8b,halueval_qa,probe_mlp,14,0.9964583333333333,0.004156236946512517,0.9666666666666667,0.9674796747967479,0.9963497854188338
llama3.1-8b,halueval_qa,probe_mlp,15,0.9977083333333333,0.0024116326880812967,0.9708333333333333,0.9714945297601124,0.9977328253772413
llama3.1-8b,halueval_qa,probe_mlp,16,0.9968749999999998,0.0031868871959955095,0.9666666666666667,0.9674796747967479,0.9969516741613074
llama3.1-8b,halueval_qa,probe_mlp,17,0.9975,0.0018399501804849665,0.9708333333333332,0.9714945297601124,0.9974920785397843
llama3.1-8b,halueval_qa,probe_mlp,18,0.9977083333333333,0.0019320038532282824,0.9708333333333332,0.9714945297601124,0.9977057537534595
llama3.1-8b,halueval_qa,probe_mlp,19,0.9975,0.0022243913025065277,0.9708333333333332,0.9714945297601124,0.9974676585153643
llama3.1-8b,halueval_qa,probe_mlp,20,0.9968750000000001,0.0035355339059327143,0.9708333333333332,0.9714945297601124,0.996649134685989
llama3.1-8b,halueval_qa,probe_mlp,21,0.995625,0.004868050602311635,0.9708333333333332,0.9714945297601124,0.9949488934095982
llama3.1-8b,halueval_qa,probe_mlp,22,0.9960416666666667,0.00474158611530877,0.9708333333333332,0.9714945297601124,0.9954726582626314
llama3.1-8b,halueval_qa,probe_mlp,23,0.995625,0.005750905725767591,0.9708333333333332,0.9714945297601124,0.9946799232198963
llama3.1-8b,halueval_qa,probe_mlp,24,0.9954166666666667,0.005162296538901606,0.9708333333333332,0.9714945297601124,0.9947727130008598
llama3.1-8b,halueval_qa,probe_mlp,25,0.99625,0.004448782605013055,0.9708333333333332,0.9714945297601124,0.99578130023794
llama3.1-8b,halueval_qa,probe_mlp,26,0.9966666666666667,0.0038640077064565127,0.9708333333333332,0.9714945297601124,0.996366275607398
llama3.1-8b,halueval_qa,probe_mlp,27,0.9960416666666667,0.0029901458530014954,0.9708333333333332,0.9714945297601124,0.9957994945600331
llama3.1-8b,halueval_qa,probe_mlp,28,0.995625,0.003985651347856036,0.9666666666666667,0.9674796747967479,0.995156039658411
llama3.1-8b,halueval_qa,probe_mlp,29,0.9956250000000001,0.003186887195995459,0.9666666666666667,0.9674796747967479,0.99529649155703
llama3.1-8b,halueval_qa,probe_mlp,30,0.9952083333333333,0.0036916760722227548,0.9666666666666667,0.9674796747967479,0.9947230661991219
llama3.1-8b,halueval_qa,probe_mlp,31,0.9964583333333333,0.003761556267764077,0.9708333333333333,0.9714945297601124,0.996152600393723
llama3.1-8b,halueval_qa,probe_mlp,32,0.9964583333333333,0.004124789556921544,0.9666666666666667,0.9674796747967479,0.9965186291540209
llama3.1-8b,synthetic,probe_linear,0,0.7489583333333334,0.026674803446115374,0.6833333333333332,0.6658981140321135,0.7856673217841365
llama3.1-8b,synthetic,probe_linear,1,0.7512500000000001,0.05932783214197758,0.6749999999999999,0.6487638913650681,0.7848778013250892
llama3.1-8b,synthetic,probe_linear,2,0.7683333333333334,0.07174232924540128,0.7083333333333334,0.7015135083230248,0.7801999718710189
llama3.1-8b,synthetic,probe_linear,3,0.834375,0.048776702088873004,0.75,0.741133538601893,0.8438095820408327
llama3.1-8b,synthetic,probe_linear,4,0.8779166666666667,0.04079398614447427,0.7958333333333333,0.7936449864498645,0.880897288800643
llama3.1-8b,synthetic,probe_linear,5,0.8752083333333335,0.04822455431508811,0.8125,0.8151361501640254,0.8793390284983819
llama3.1-8b,synthetic,probe_linear,6,0.9527083333333334,0.027657377958793524,0.8875000000000001,0.8852564102564102,0.9601061853623731
llama3.1-8b,synthetic,probe_linear,7,0.975625,0.017773165634367632,0.9249999999999999,0.9237012987012987,0.9792576979902399
llama3.1-8b,synthetic,probe_linear,8,0.9943749999999999,0.006673173907519562,0.9500000000000001,0.9489091318038687,0.9945103550227207
llama3.1-8b,synthetic,probe_linear,9,0.9943750000000001,0.0075173410636119615,0.9500000000000001,0.947805715257044,0.9946192944732739
llama3.1-8b,synthetic,probe_linear,10,0.9960416666666667,0.004340138886666624,0.9666666666666667,0.9653508771929825,0.9961774487671087
llama3.1-8b,synthetic,probe_linear,11,0.9977083333333333,0.0016404183070857779,0.9666666666666667,0.9659159405994849,0.9977726778641413
llama3.1-8b,synthetic,probe_linear,12,0.9989583333333334,0.001062295731998525,0.9833333333333334,0.9832265458144501,0.9990070192853091
llama3.1-8b,synthetic,probe_linear,13,0.999375,0.0005103103630798179,0.9916666666666667,0.9917695473251028,0.9993851626016261
llama3.1-8b,synthetic,probe_linear,14,0.9995833333333334,0.000589255650988777,0.9958333333333332,0.9958847736625515,0.9995884146341464
llama3.1-8b,synthetic,probe_linear,15,0.9991666666666666,0.0011785113019776065,0.9916666666666667,0.9916666666666667,0.9991554411748571
llama3.1-8b,synthetic,probe_linear,16,0.9991666666666666,0.000589255650988777,0.9874999999999999,0.9873377651155429,0.9991819105691057
llama3.1-8b,synthetic,probe_linear,17,0.9995833333333334,0.000589255650988777,0.9875000000000002,0.9875514403292182,0.9995884146341464
llama3.1-8b,synthetic,probe_linear,18,0.999375,0.0008838834764832179,0.9875000000000002,0.9875514403292182,0.9993747394204711
llama3.1-8b,synthetic,probe_linear,19,0.999375,0.0008838834764831656,0.9708333333333332,0.9716784244562021,0.9993747394204712
llama3.1-8b,synthetic,probe_linear,20,0.9983333333333334,0.0011785113019775802,0.9666666666666667,0.9676635694928377,0.9984166205241786
llama3.1-8b,synthetic,probe_linear,21,0.9977083333333333,0.0017921510973005522,0.9625,0.9639287422285987,0.9977584218396642
llama3.1-8b,synthetic,probe_linear,22,0.9974999999999999,0.002041241452319362,0.9333333333333332,0.9373120708894715,0.9976951198026779
llama3.1-8b,synthetic,probe_linear,23,0.9991666666666666,0.001178511301977554,0.9583333333333334,0.9602997317070289,0.9992063492063492
llama3.1-8b,synthetic,probe_linear,24,0.9983333333333334,0.001178511301977554,0.9375,0.9402130436613195,0.9983617903812063
llama3.1-8b,synthetic,probe_linear,25,0.9979166666666668,0.0015590239111557757,0.9499999999999998,0.9515209906417811,0.9979451237145396
llama3.1-8b,synthetic,probe_linear,26,0.9958333333333332,0.004249182927993998,0.9500000000000001,0.9509578544061302,0.9961923411803341
llama3.1-8b,synthetic,probe_linear,27,0.99625,0.005303300858899098,0.9458333333333333,0.9461530496013255,0.9966737134024369
llama3.1-8b,synthetic,probe_linear,28,0.9979166666666667,0.0029462782549439376,0.9291666666666667,0.9255610290093048,0.9981481481481481
llama3.1-8b,synthetic,probe_linear,29,0.9987499999999999,0.0017677669529663313,0.9125,0.9024730059212818,0.9987896825396826
llama3.1-8b,synthetic,probe_linear,30,0.9991666666666666,0.001178511301977554,0.9666666666666667,0.9674051438757321,0.9992063492063492
llama3.1-8b,synthetic,probe_linear,31,0.9991666666666666,0.001178511301977554,0.9458333333333334,0.9524065127929862,0.9992063492063492
llama3.1-8b,synthetic,probe_linear,32,1.0,0.0,0.9333333333333332,0.9379277572048657,1.0
llama3.1-8b,synthetic,probe_mlp,0,0.7816666666666666,0.027340128728462254,0.6458333333333334,0.626916221033868,0.8113300324247615
llama3.1-8b,synthetic,probe_mlp,1,0.79,0.037249161064378346,0.6666666666666666,0.6633931469374507,0.8149600874553826
llama3.1-8b,synthetic,probe_mlp,2,0.7964583333333333,0.03578121209362378,0.6958333333333334,0.7016939420040195,0.8112667369722882
llama3.1-8b,synthetic,probe_mlp,3,0.9108333333333333,0.03041523969255469,0.7999999999999999,0.7988222542097194,0.9132417766374415
llama3.1-8b,synthetic,probe_mlp,4,0.946875,0.019889014974771014,0.8708333333333332,0.8718868992487393,0.9524948399254871
llama3.1-8b,synthetic,probe_mlp,5,0.9545833333333332,0.0196607512290067,0.8833333333333334,0.8859073742794674,0.9597022064944714
llama3.1-8b,synthetic,probe_mlp,6,0.9852083333333334,0.011595766708396387,0.9249999999999999,0.9274720893141946,0.9867658820341308
llama3.1-8b,synthetic,probe_mlp,7,0.9914583333333334,0.006660153067977404,0.9583333333333334,0.9577935777302865,0.9924548184743666
llama3.1-8b,synthetic,probe_mlp,8,0.99625,0.004448782605013055,0.9625,0.9622174460430438,0.9961740516954416
llama3.1-8b,synthetic,probe_mlp,9,0.991875,0.010193441518937526,0.9625,0.9618609390327842,0.9913734432644543
llama3.1-8b,synthetic,probe_mlp,10,0.9983333333333334,0.002357022603955134,0.9708333333333333,0.9707453849592023,0.9982670658657501
llama3.1-8b,synthetic,probe_mlp,11,0.9995833333333333,0.0005892556509888294,0.9916666666666667,0.991869918699187,0.9995884146341464
llama3.1-8b,synthetic,probe_mlp,12,0.999375,0.0008838834764832179,0.9958333333333332,0.9958847736625515,0.9993747394204711
llama3.1-8b,synthetic,probe_mlp,13,0.999375,0.0008838834764832179,0.9916666666666667,0.9917695473251028,0.9993747394204712
llama3.1-8b,synthetic,probe_mlp,14,0.9995833333333334,0.000589255650988777,0.9958333333333332,0.9958847736625515,0.9995884146341464
llama3.1-8b,synthetic,probe_mlp,15,0.9995833333333334,0.000589255650988777,0.9958333333333332,0.9958847736625515,0.9995884146341464
llama3.1-8b,synthetic,probe_mlp,16,0.9991666666666666,0.0011785113019776065,0.9916666666666667,0.9917695473251028,0.9991554411748571
llama3.1-8b,synthetic,probe_mlp,17,0.999375,0.0008838834764831656,0.9916666666666667,0.9917695473251028,0.9993747394204711
llama3.1-8b,synthetic,probe_mlp,18,0.999375,0.0008838834764831656,0.9916666666666667,0.9917695473251028,0.9993747394204711
llama3.1-8b,synthetic,probe_mlp,19,0.9995833333333334,0.000589255650988777,0.9874999999999999,0.9877546923617384,0.9995884146341464
llama3.1-8b,synthetic,probe_mlp,20,0.9995833333333334,0.000589255650988777,0.9874999999999999,0.9877546923617384,0.9995884146341464
llama3.1-8b,synthetic,probe_mlp,21,0.9995833333333334,0.000589255650988777,0.9874999999999999,0.9877546923617384,0.9995884146341464
llama3.1-8b,synthetic,probe_mlp,22,0.9997916666666667,0.0002946278254943885,0.9874999999999999,0.9877546923617384,0.9997967479674797
llama3.1-8b,synthetic,probe_mlp,23,0.9995833333333334,0.000589255650988777,0.9874999999999999,0.9877546923617384,0.9995884146341464
llama3.1-8b,synthetic,probe_mlp,24,0.9983333333333334,0.0007795119555778879,0.9833333333333334,0.9835352830790379,0.9983778365943001
llama3.1-8b,synthetic,probe_mlp,25,0.9983333333333334,0.001178511301977554,0.9874999999999999,0.9877546923617384,0.9983617903812063
llama3.1-8b,synthetic,probe_mlp,26,0.9983333333333334,0.0015590239111558251,0.9874999999999999,0.9877546923617384,0.9983780971738289
llama3.1-8b,synthetic,probe_mlp,27,0.9979166666666667,0.002124591463996999,0.9874999999999999,0.9877546923617384,0.9979507467464784
llama3.1-8b,synthetic,probe_mlp,28,1.0,0.0,0.9874999999999999,0.9877546923617384,1.0
llama3.1-8b,synthetic,probe_mlp,29,1.0,0.0,0.9916666666666667,0.991869918699187,1.0
llama3.1-8b,synthetic,probe_mlp,30,1.0,0.0,1.0,1.0,1.0
llama3.1-8b,synthetic,probe_mlp,31,1.0,0.0,0.9833333333333334,0.9841269841269842,1.0
llama3.1-8b,synthetic,probe_mlp,32,1.0,6.409875621278546e-17,0.9833333333333334,0.9824561403508771,1.0
llama3.1-8b,truthfulqa,probe_linear,0,0.5004169272461956,0.0002948120830463245,0.5041666666666667,0.44998495265874944,0.5127084636230977
llama3.1-8b,truthfulqa,probe_linear,1,0.661872003335418,0.045607343490596586,0.5583333333333332,0.673990942171261,0.6554101478227509
llama3.1-8b,truthfulqa,probe_linear,2,0.7740254325620178,0.018561458652951456,0.6749999999999999,0.7019653660670754,0.8275457155853357
llama3.1-8b,truthfulqa,probe_linear,3,0.7661038148843026,0.015173517102420556,0.6708333333333334,0.7106967354636491,0.8125644442477172
llama3.1-8b,truthfulqa,probe_linear,4,0.7894517406712529,0.021179329592893554,0.7208333333333333,0.7096030832739694,0.8378145562001764
llama3.1-8b,truthfulqa,probe_linear,5,0.8113404210965186,0.023295751585906188,0.7208333333333333,0.7250192557382101,0.8445969797466765
llama3.1-8b,truthfulqa,probe_linear,6,0.8263498019595582,0.031734435899525584,0.725,0.7288045091989749,0.8710165187783311
llama3.1-8b,truthfulqa,probe_linear,7,0.849072336877215,0.023673245055790486,0.775,0.7717820154529016,0.8825920336470032
llama3.1-8b,truthfulqa,probe_linear,8,0.8528246820929747,0.018142324554542063,0.7624999999999998,0.7592698551602662,0.8813334435651479
llama3.1-8b,truthfulqa,probe_linear,9,0.8619970815092767,0.024517307363750955,0.7708333333333334,0.7719599612610062,0.885687168746014
llama3.1-8b,truthfulqa,probe_linear,10,0.8822180529497604,0.01866651774486023,0.7916666666666666,0.7885002139495079,0.8973859750234836
llama3.1-8b,truthfulqa,probe_linear,11,0.8945174067125287,0.006644726892019727,0.8041666666666666,0.8070281124497992,0.9122424482343363
llama3.1-8b,truthfulqa,probe_linear,12,0.8934750885970398,0.010979523937680756,0.775,0.7820726858701542,0.9111666199427754
llama3.1-8b,truthfulqa,probe_linear,13,0.9136960600375236,0.012265741657999232,0.8250000000000001,0.8329833180095606,0.9236899912258488
llama3.1-8b,truthfulqa,probe_linear,14,0.9066082968521992,0.009879504366122841,0.8125,0.8183808700662633,0.9146436796322978
llama3.1-8b,truthfulqa,probe_linear,15,0.8982697519282885,0.0073879696254614885,0.7791666666666667,0.7832167832167832,0.9097130369282738
llama3.1-8b,truthfulqa,probe_linear,16,0.8865957890348134,0.008175389431364416,0.7708333333333334,0.7715944272445819,0.908175341285197
llama3.1-8b,truthfulqa,probe_linear,17,0.8882634980195956,0.008937232065968703,0.7708333333333334,0.7733854839117997,0.9087669306265062
llama3.1-8b,truthfulqa,probe_linear,18,0.8786741713570981,0.011542937836070128,0.7583333333333333,0.7681531029357117,0.8988792606913639
llama3.1-8b,truthfulqa,probe_linear,19,0.8774233896185116,0.010987437109113525,0.7791666666666668,0.7840676128523557,0.8984137938229774
llama3.1-8b,truthfulqa,probe_linear,20,0.8822180529497604,0.01225865368187552,0.775,0.7759522539204302,0.9002969513199547
llama3.1-8b,truthfulqa,probe_linear,21,0.8803418803418804,0.011490109468018062,0.775,0.7773017222234985,0.9001565219673808
llama3.1-8b,truthfulqa,probe_linear,22,0.8801334167187825,0.011307109962326959,0.7875,0.789134824479652,0.9000946108918088
llama3.1-8b,truthfulqa,probe_linear,23,0.8695017719407963,0.01710672356800389,0.7791666666666668,0.7842838196286473,0.8933755473269626
llama3.1-8b,truthfulqa,probe_linear,24,0.8726287262872628,0.013416379328500379,0.7875,0.7915967783368844,0.8956370738740042
llama3.1-8b,truthfulqa,probe_linear,25,0.8665832812174276,0.023019897041443683,0.7666666666666666,0.7684995800980493,0.889471626151176
llama3.1-8b,truthfulqa,probe_linear,26,0.868042526579112,0.018747823352859846,0.7833333333333333,0.7891996891996893,0.8909834493099232
llama3.1-8b,truthfulqa,probe_linear,27,0.8657494267250364,0.01577451274746101,0.775,0.7790134898568634,0.891371111984205
llama3.1-8b,truthfulqa,probe_linear,28,0.8617886178861789,0.009728798740527924,0.775,0.7776773156519993,0.8855870868373034
llama3.1-8b,truthfulqa,probe_linear,29,0.8526162184698771,0.012656334572991855,0.7583333333333333,0.7623983739837398,0.880318965460709
llama3.1-8b,truthfulqa,probe_linear,30,0.8509485094850948,0.01317120616963206,0.7541666666666668,0.7557720057720058,0.877614065810736
llama3.1-8b,truthfulqa,probe_linear,31,0.8248905565978738,0.015344395430125455,0.7333333333333334,0.72982674551302,0.8581127325358686
llama3.1-8b,truthfulqa,probe_linear,32,0.8276005836981447,0.0012850560773334631,0.7291666666666666,0.75261917234154,0.8575160317528642
llama3.1-8b,truthfulqa,probe_mlp,0,0.5004169272461956,0.0002948120830463245,0.5041666666666667,0.4517906336088154,0.5127084636230977
llama3.1-8b,truthfulqa,probe_mlp,1,0.6599958307275381,0.023843354393884096,0.625,0.6412740589337421,0.6495317822507342
llama3.1-8b,truthfulqa,probe_mlp,2,0.7759016051698979,0.036517448199591226,0.6833333333333332,0.6594159174059538,0.8097099372846023
llama3.1-8b,truthfulqa,probe_mlp,3,0.7907025224098394,0.03031408021449216,0.7333333333333334,0.7193712563009744,0.8377749398870714
llama3.1-8b,truthfulqa,probe_mlp,4,0.7938294767563061,0.04213338113697671,0.7333333333333334,0.7373983739837399,0.8378551761225301
llama3.1-8b,truthfulqa,probe_mlp,5,0.8248905565978736,0.02915063952059761,0.725,0.7290234275528392,0.8552795889463196
llama3.1-8b,truthfulqa,probe_mlp,6,0.8488638732541172,0.024538568221075027,0.7416666666666667,0.7650920058462317,0.8873233909508244
llama3.1-8b,truthfulqa,probe_mlp,7,0.8551177819470502,0.03699627359012556,0.7791666666666667,0.7860731922969096,0.8835566536529887
llama3.1-8b,truthfulqa,probe_mlp,8,0.8611632270168856,0.028056756515259455,0.7666666666666666,0.7798610504492857,0.8824284590996124
llama3.1-8b,truthfulqa,probe_mlp,9,0.8572024181780279,0.0310785634799634,0.775,0.7831019110088877,0.8788009766167834
llama3.1-8b,truthfulqa,probe_mlp,10,0.8840942255576403,0.011714839539901729,0.7875,0.7952717848136733,0.8961621005658383
llama3.1-8b,truthfulqa,probe_mlp,11,0.8905565978736711,0.01228698105340117,0.8166666666666668,0.8112587904360056,0.902023588258181
llama3.1-8b,truthfulqa,probe_mlp,12,0.8893058161350845,0.02224024525693831,0.7999999999999999,0.8145475483232167,0.9033036265763069
llama3.1-8b,truthfulqa,probe_mlp,13,0.9103606420679591,0.011869619216582639,0.8291666666666666,0.8372158805763141,0.9165467859367361
llama3.1-8b,truthfulqa,probe_mlp,14,0.9136960600375233,0.0039881439378171585,0.8125,0.818498286583393,0.9171800832467868
llama3.1-8b,truthfulqa,probe_mlp,15,0.9024390243902438,0.005686129538038755,0.7999999999999999,0.8033094098883572,0.9098398644730933
llama3.1-8b,truthfulqa,probe_mlp,16,0.8911819887429644,0.006212076058266185,0.7958333333333334,0.8003206942086397,0.9048413026274366
llama3.1-8b,truthfulqa,probe_mlp,17,0.8899312070043778,0.00663818358477829,0.7916666666666666,0.7942544159794674,0.903195407652567
llama3.1-8b,truthfulqa,probe_mlp,18,0.8805503439649781,0.009742190073419144,0.7916666666666666,0.7943722943722943,0.8965409003944472
llama3.1-8b,truthfulqa,probe_mlp,19,0.8772149259954137,0.009502832036724243,0.7875,0.7919025419025418,0.892754708731197
llama3.1-8b,truthfulqa,probe_mlp,20,0.8788826349801959,0.013181100654189919,0.7791666666666668,0.7777915410765651,0.8952880981227486
llama3.1-8b,truthfulqa,probe_mlp,21,0.8774233896185116,0.017451281664754115,0.7916666666666666,0.7858225108225109,0.8932275960857893
llama3.1-8b,truthfulqa,probe_mlp,22,0.868042526579112,0.02306892776161752,0.7708333333333334,0.7655718851464263,0.885554698318037
llama3.1-8b,truthfulqa,probe_mlp,23,0.8641859495518033,0.021703756403435137,0.7583333333333334,0.7533533738698731,0.883169073955801
llama3.1-8b,truthfulqa,probe_mlp,24,0.8649155722326455,0.031022581153181166,0.7666666666666666,0.7696927935687624,0.8802306434718518
llama3.1-8b,truthfulqa,probe_mlp,25,0.8578278090473211,0.03315685848144276,0.7375000000000002,0.73888000988272,0.8763271932814954
llama3.1-8b,truthfulqa,probe_mlp,26,0.8709610173024807,0.02384335439388407,0.7625000000000001,0.7695402298850574,0.890202072526574
llama3.1-8b,truthfulqa,probe_mlp,27,0.8603293725244944,0.021338774726319284,0.75,0.7551943701814503,0.8842575255237097
llama3.1-8b,truthfulqa,probe_mlp,28,0.8592870544090058,0.012007938981792515,0.7583333333333333,0.7611177835896937,0.8839148697580237
llama3.1-8b,truthfulqa,probe_mlp,29,0.851782363977486,0.00974219007341919,0.75,0.7451118475559237,0.880079825126268
llama3.1-8b,truthfulqa,probe_mlp,30,0.8403168647071086,0.010787866610744712,0.7458333333333332,0.7375999725397316,0.8688179220232861
llama3.1-8b,truthfulqa,probe_mlp,31,0.8386491557223265,0.011046605211166773,0.75,0.7433238366571701,0.8641821863438363
llama3.1-8b,truthfulqa,probe_mlp,32,0.8213466750052115,0.009813301893633357,0.7208333333333332,0.7053703703703705,0.8470207534199132
mistral-7b,fever,probe_linear,0,0.5,0.0,0.5041666666666667,0.4517906336088154,0.5125
mistral-7b,fever,probe_linear,1,0.6422764227642277,0.0716029303764054,0.5166666666666666,0.660940960406201,0.6709601178310742
mistral-7b,fever,probe_linear,2,0.6875130289764436,0.055895469086993804,0.5541666666666666,0.6661509335422379,0.7360228420304834
mistral-7b,fever,probe_linear,3,0.7654784240150093,0.08126392261296235,0.5916666666666667,0.6845736029336743,0.7646225243250644
mistral-7b,fever,probe_linear,4,0.7723577235772358,0.06518681160545425,0.7166666666666667,0.7181835331241103,0.7796335493665462
mistral-7b,fever,probe_linear,5,0.7979987492182614,0.07071250799486772,0.7250000000000001,0.731376648606198,0.8059747878898428
mistral-7b,fever,probe_linear,6,0.8027934125495101,0.07683291582457452,0.7416666666666666,0.7460360924216346,0.8078268227180896
mistral-7b,fever,probe_linear,7,0.8032103397957057,0.05989911198745052,0.6833333333333332,0.7139504946853507,0.797366139766889
mistral-7b,fever,probe_linear,8,0.8311444652908068,0.0379690037189757,0.7416666666666667,0.754985838080979,0.8241163560833992
mistral-7b,fever,probe_linear,9,0.8424015009380863,0.03782796321772359,0.75,0.7482449025615004,0.8387334156704473
mistral-7b,fever,probe_linear,10,0.8534500729622682,0.033062356911268416,0.7541666666666665,0.7666584381918935,0.8588061036189755
mistral-7b,fever,probe_linear,11,0.8778403168647072,0.0301977385236303,0.7791666666666667,0.7851979571143538,0.8841704673083596
mistral-7b,fever,probe_linear,12,0.9291223681467584,0.013940590783656809,0.8083333333333332,0.8214074954581284,0.9363659753446202
mistral-7b,fever,probe_linear,13,0.94579945799458,0.008700703253995917,0.8541666666666666,0.8608957795004306,0.9498919644405065
mistral-7b,fever,probe_linear,14,0.9597665207421304,0.001559998910474814,0.9,0.9037659508247744,0.9576746533081945
mistral-7b,fever,probe_linear,15,0.9545549301646862,0.004461316355854196,0.9,0.9024096385542167,0.9483007224957429
mistral-7b,fever,probe_linear,16,0.9497602668334375,0.008685706339795483,0.8916666666666666,0.8959228135698724,0.9424646288677385
mistral-7b,fever,probe_linear,17,0.9472587033562644,0.011387534111943001,0.8791666666666668,0.8844903423216676,0.9388250890121265
mistral-7b,fever,probe_linear,18,0.9397540129247446,0.01149010946801803,0.875,0.8801431683784625,0.9304995412256282
mistral-7b,fever,probe_linear,19,0.9443402126328956,0.008903129666067352,0.8791666666666668,0.8816621499548329,0.9421392502779068
mistral-7b,fever,probe_linear,20,0.9401709401709403,0.00825473832529638,0.8625000000000002,0.8709895762826587,0.9370498213061609
mistral-7b,fever,probe_linear,21,0.9345424223473003,0.008191320702267494,0.8458333333333333,0.8487481439009689,0.9283663309236437
mistral-7b,fever,probe_linear,22,0.9318323952470294,0.00920550434263904,0.8500000000000001,0.8547063031668118,0.9236307795176883
mistral-7b,fever,probe_linear,23,0.9305816135084428,0.009848665258301241,0.8458333333333333,0.8513449586289967,0.9233196966865626
mistral-7b,fever,probe_linear,24,0.933917031478007,0.005314800410248875,0.8625000000000002,0.8684102095910248,0.9300030736784506
mistral-7b,fever,probe_linear,25,0.9366270585782782,0.0029035622841743153,0.8541666666666666,0.8558232931726907,0.9328553447848149
mistral-7b,fever,probe_linear,26,0.9401709401709403,0.00827051675000098,0.85,0.8495205336668752,0.9355390554421253
mistral-7b,fever,probe_linear,27,0.938503231186158,0.008143433389461975,0.8583333333333334,0.8646247913000317,0.9345868560030172
mistral-7b,fever,probe_linear,28,0.9378778403168647,0.006932786803550482,0.8583333333333334,0.8646247913000317,0.9339220615089258
mistral-7b,fever,probe_linear,29,0.9397540129247446,0.007405595025362323,0.85,0.8491740411825818,0.939061096112991
mistral-7b,fever,probe_linear,30,0.9389201584323535,0.00807914212010674,0.8583333333333334,0.8580837707111248,0.9399907960728568
mistral-7b,fever,probe_linear,31,0.9368355222013758,0.00920550434263904,0.8624999999999999,0.8641849844424371,0.9363759292822443
mistral-7b,fever,probe_linear,32,0.9301646862622471,0.010088433297946946,0.85,0.8484936755366608,0.9238366832747662
mistral-7b,fever,probe_mlp,0,0.5,0.0,0.5041666666666667,0.4517906336088154,0.5125
mistral-7b,fever,probe_mlp,1,0.6810506566604128,0.06281573167220235,0.6124999999999999,0.6681507167325798,0.6907828495164149
mistral-7b,fever,probe_mlp,2,0.7625599332916405,0.04732721128944243,0.7041666666666667,0.6870631755389862,0.7733497111935383
mistral-7b,fever,probe_mlp,3,0.8321867834062956,0.038835827444167186,0.7375000000000002,0.7223794781070323,0.8276194837395972
mistral-7b,fever,probe_mlp,4,0.8069626850114654,0.06796233834949714,0.6791666666666666,0.731537472895312,0.7843455442361474
mistral-7b,fever,probe_mlp,5,0.8392745465916197,0.06185365469207296,0.7708333333333334,0.7681550969355847,0.8440456790253666
mistral-7b,fever,probe_mlp,6,0.856368563685637,0.0419970134217281,0.7291666666666666,0.6844426406926406,0.8542013978731399
mistral-7b,fever,probe_mlp,7,0.8388576193454242,0.03953450918866311,0.7291666666666666,0.7045570388159766,0.8335063336792595
mistral-7b,fever,probe_mlp,8,0.8540754638315614,0.03548905683471492,0.7624999999999998,0.7430371972549333,0.8538166390072647
mistral-7b,fever,probe_mlp,9,0.8830519074421513,0.023638340939025712,0.7583333333333333,0.7375329254295787,0.8915282417243123
mistral-7b,fever,probe_mlp,10,0.8926412341046488,0.026465850641441285,0.7833333333333333,0.7773127008286825,0.9043831086962658
mistral-7b,fever,probe_mlp,11,0.9109860329372524,0.02055455552210712,0.8083333333333332,0.7967138284460983,0.9208093891664553
mistral-7b,fever,probe_mlp,12,0.9437148217636023,0.007710336464001205,0.8416666666666667,0.8402250013361124,0.9508739852409587
mistral-7b,fever,probe_mlp,13,0.9332916406087138,0.006799877602793471,0.8416666666666668,0.8415448849053185,0.937671666070654
mistral-7b,fever,probe_mlp,14,0.9539295392953931,0.010955750130057057,0.875,0.8711613577598062,0.956427240935534
mistral-7b,fever,probe_mlp,15,0.959349593495935,0.010326842673755122,0.9,0.9040410853866225,0.9508198737163237
mistral-7b,fever,probe_mlp,16,0.954763393787784,0.014445792069268616,0.875,0.8730455153949129,0.9506916232697727
mistral-7b,fever,probe_mlp,17,0.950177194079633,0.01284041158593663,0.8791666666666665,0.8781215202130235,0.9510933927849256
mistral-7b,fever,probe_mlp,18,0.9491348759641443,0.014318886605023463,0.8583333333333333,0.8572971561040911,0.9512452560386667
mistral-7b,fever,probe_mlp,19,0.9453825307483844,0.01430066532094433,0.8625000000000002,0.8598595848595849,0.9489965206461216
mistral-7b,fever,probe_mlp,20,0.9472587033562644,0.013061872168288921,0.8708333333333332,0.8716682103529897,0.9443105785300907
mistral-7b,fever,probe_mlp,21,0.9453825307483844,0.01218398098495099,0.8458333333333333,0.8418014733804208,0.9428753787633785
mistral-7b,fever,probe_mlp,22,0.9420471127788201,0.015012275911935657,0.8375,0.8406604584150051,0.9424246584920422
mistral-7b,fever,probe_mlp,23,0.9405878674171356,0.015173517102420587,0.8541666666666666,0.8504911538044068,0.9393918631091486
mistral-7b,fever,probe_mlp,24,0.9432978945174068,0.020260690956544185,0.8875000000000001,0.8902630291519181,0.9438917110407692
mistral-7b,fever,probe_mlp,25,0.9480925578486553,0.012392632018096194,0.8708333333333332,0.8718250111138738,0.9467454107098928
mistral-7b,fever,probe_mlp,26,0.949343339587242,0.015928039603829977,0.8624999999999999,0.8666161424782115,0.9475268759163615
mistral-7b,fever,probe_mlp,27,0.9483010214717532,0.015774512747460948,0.8541666666666666,0.8569076937453725,0.9467733941666063
mistral-7b,fever,probe_mlp,28,0.9462163852407754,0.015070060097500768,0.8708333333333332,0.8703042940994749,0.9451983814017667
mistral-7b,fever,probe_mlp,29,0.9466333124869711,0.013131553677734865,0.8541666666666666,0.8513735586906318,0.9457625240282931
mistral-7b,fever,probe_mlp,30,0.9393370856785491,0.011699991828561391,0.8375,0.8404767394938606,0.9414521473235925
mistral-7b,fever,probe_mlp,31,0.9372524494475712,0.017720634177488776,0.85,0.8487477954144621,0.9402489272366911
mistral-7b,fever,probe_mlp,32,0.9326662497394205,0.012098076404875506,0.8208333333333334,0.8168724279835392,0.9352078638410456
mistral-7b,halueval_qa,probe_linear,0,0.9824999999999999,0.01547006517978082,0.7208333333333332,0.5364243048115235,0.9765578605440419
mistral-7b,halueval_qa,probe_linear,1,0.98625,0.01506064130993984,0.9500000000000001,0.9485134999498143,0.9900814523522118
mistral-7b,halueval_qa,probe_linear,2,0.9802083333333332,0.01138041690312305,0.9541666666666666,0.9546271203452775,0.9749796882109495
mistral-7b,halueval_qa,probe_linear,3,0.993125,0.006634034720037737,0.9666666666666667,0.9670627475505524,0.9919304928458637
mistral-7b,halueval_qa,probe_linear,4,0.9927083333333333,0.008106281857643177,0.9625,0.9623216289882955,0.9915600908471015
mistral-7b,halueval_qa,probe_linear,5,0.9879166666666667,0.010948902786225788,0.9625,0.9626504141272073,0.9862209085129745
mistral-7b,halueval_qa,probe_linear,6,0.9860416666666666,0.012472191289246483,0.9541666666666666,0.9539965178854066,0.9837176806942217
mistral-7b,halueval_qa,probe_linear,7,0.993125,0.007551903733496582,0.9625,0.9620807514118025,0.9919270394391204
mistral-7b,halueval_qa,probe_linear,8,0.9883333333333333,0.013427402536935019,0.9416666666666668,0.9389213033429167,0.9857676965634617
mistral-7b,halueval_qa,probe_linear,9,0.9895833333333334,0.012524281970990918,0.9625,0.9620807514118025,0.9825109194535075
mistral-7b,halueval_qa,probe_linear,10,0.991875,0.010193441518937578,0.9666666666666667,0.9666375980739125,0.9893285038380686
mistral-7b,halueval_qa,probe_linear,11,0.9908333333333332,0.01031197389230381,0.9708333333333333,0.9710776025139168,0.9885963526383682
mistral-7b,halueval_qa,probe_linear,12,0.9925,0.008400768814023319,0.9666666666666667,0.9670627475505524,0.9898936823346869
mistral-7b,halueval_qa,probe_linear,13,0.9943749999999999,0.005303300858899098,0.9666666666666667,0.9672764227642277,0.9938277503253827
mistral-7b,halueval_qa,probe_linear,14,0.9952083333333333,0.0059146123194076935,0.9791666666666666,0.9796246110609254,0.9948129188596955
mistral-7b,halueval_qa,probe_linear,15,0.99625,0.004050462936504861,0.9666666666666667,0.9674796747967479,0.9959764199849843
mistral-7b,halueval_qa,probe_linear,16,0.99625,0.004050462936504861,0.9708333333333333,0.9714945297601124,0.9959764199849843
mistral-7b,halueval_qa,probe_linear,17,0.9968750000000001,0.003186887195995459,0.9708333333333333,0.9714945297601124,0.9968676067179049
mistral-7b,halueval_qa,probe_linear,18,0.9983333333333334,0.0010622957319984742,0.9666666666666667,0.9674796747967479,0.9984192535107169
mistral-7b,halueval_qa,probe_linear,19,0.9956250000000001,0.004177070344950723,0.9750000000000001,0.9754090133493927,0.99497596503338
mistral-7b,halueval_qa,probe_linear,20,0.9977083333333333,0.0017921510973005522,0.9750000000000001,0.9754090133493927,0.9977030634724794
mistral-7b,halueval_qa,probe_linear,21,0.9970833333333333,0.002301116878580677,0.9750000000000001,0.9754090133493927,0.9970960419006084
mistral-7b,halueval_qa,probe_linear,22,0.9960416666666667,0.0029017475577467174,0.9750000000000001,0.9754090133493927,0.995941793188794
mistral-7b,halueval_qa,probe_linear,23,0.99625,0.0027003086243366364,0.9750000000000001,0.9754090133493927,0.9961453347985856
mistral-7b,halueval_qa,probe_linear,24,0.9954166666666667,0.0044585280331318165,0.9708333333333333,0.9713941583860283,0.9947823916690749
mistral-7b,halueval_qa,probe_linear,25,0.99125,0.008584749074181887,0.9708333333333333,0.9713941583860283,0.9857230794140142
mistral-7b,halueval_qa,probe_linear,26,0.9897916666666666,0.010337196858379416,0.9750000000000001,0.9754090133493927,0.9804126627463065
mistral-7b,halueval_qa,probe_linear,27,0.9902083333333334,0.009414269606412541,0.9750000000000001,0.9754090133493927,0.9837811692398128
mistral-7b,halueval_qa,probe_linear,28,0.9904166666666666,0.007976745716281953,0.9708333333333333,0.9713941583860283,0.9857685098061513
mistral-7b,halueval_qa,probe_linear,29,0.9910416666666667,0.006890764753558881,0.9708333333333333,0.9713941583860283,0.9881492396062702
mistral-7b,halueval_qa,probe_linear,30,0.9908333333333333,0.009274928870646735,0.9750000000000001,0.9754090133493927,0.9845501985194232
mistral-7b,halueval_qa,probe_linear,31,0.9935416666666667,0.005111601727660566,0.9750000000000001,0.9754090133493927,0.9924349133647258
mistral-7b,halueval_qa,probe_linear,32,0.990625,0.00510310363079827,0.9625,0.9635579354454856,0.9861297069171927
mistral-7b,halueval_qa,probe_mlp,0,0.9754166666666667,0.015320646925708543,0.5,0.4444444444444444,0.9694779865336373
mistral-7b,halueval_qa,probe_mlp,1,0.9804166666666667,0.020183618907971428,0.5,0.4444444444444444,0.9798152275422324
mistral-7b,halueval_qa,probe_mlp,2,0.9754166666666667,0.024501984046648603,0.5125000000000001,0.4909560723514212,0.9698225506613444
mistral-7b,halueval_qa,probe_mlp,3,0.99375,0.006634034720037766,0.5,0.4444444444444444,0.9933101442983951
mistral-7b,halueval_qa,probe_mlp,4,0.9939583333333334,0.006339635022792836,0.6583333333333333,0.7696476964769646,0.9936640272308784
mistral-7b,halueval_qa,probe_mlp,5,0.9910416666666665,0.010017346066809419,0.625,0.5185185185185185,0.988397557804956
mistral-7b,halueval_qa,probe_mlp,6,0.9870833333333334,0.01650704815795019,0.6458333333333334,0.5336134453781513,0.9822142140296419
mistral-7b,halueval_qa,probe_mlp,7,0.9929166666666666,0.006928453811798244,0.9291666666666667,0.9361463501913602,0.9915093471079172
mistral-7b,halueval_qa,probe_mlp,8,0.9889583333333333,0.011640595870582509,0.9416666666666668,0.9459167458923861,0.984065995267902
mistral-7b,halueval_qa,probe_mlp,9,0.991875,0.008838834764831813,0.9541666666666666,0.9563687971074369,0.9875030222995411
mistral-7b,halueval_qa,probe_mlp,10,0.9920833333333333,0.00989967030876391,0.9666666666666667,0.9675764182898411,0.9905175541061068
mistral-7b,halueval_qa,probe_mlp,11,0.9943750000000001,0.00667317390751951,0.9666666666666667,0.9674796747967479,0.9939892533323826
mistral-7b,halueval_qa,probe_mlp,12,0.9945833333333333,0.005892556509887928,0.9666666666666667,0.9672764227642277,0.994080820673329
mistral-7b,halueval_qa,probe_mlp,13,0.995,0.004448782605013003,0.9666666666666667,0.9674796747967479,0.9951338548373015
mistral-7b,halueval_qa,probe_mlp,14,0.9952083333333333,0.0059146123194076935,0.9708333333333332,0.971291277727592,0.9952810042895687
mistral-7b,halueval_qa,probe_mlp,15,0.9958333333333332,0.0050346024889977355,0.9708333333333333,0.9714945297601124,0.9959636536934161
mistral-7b,halueval_qa,probe_mlp,16,0.9977083333333333,0.0028105703256733343,0.9708333333333333,0.9714945297601124,0.9976341458420023
mistral-7b,halueval_qa,probe_mlp,17,0.9981249999999999,0.0022243913025065277,0.9708333333333333,0.9714945297601124,0.9981726401920561
mistral-7b,halueval_qa,probe_mlp,18,0.998125,0.0013501543121682755,0.9708333333333333,0.9714945297601124,0.9982055782970417
mistral-7b,halueval_qa,probe_mlp,19,0.9974999999999999,0.0008838834764831917,0.9708333333333332,0.9714945297601124,0.9975152266879325
mistral-7b,halueval_qa,probe_mlp,20,0.998125,0.0013501543121682926,0.9791666666666666,0.9794238683127571,0.998189532083948
mistral-7b,halueval_qa,probe_mlp,21,0.9977083333333333,0.0017921510973005564,0.975,0.9755093847234768,0.9978075067019225
mistral-7b,halueval_qa,probe_mlp,22,0.9979166666666668,0.0014731391274719688,0.975,0.9755093847234768,0.9979643068587228
mistral-7b,halueval_qa,probe_mlp,23,0.9981249999999999,0.001839950180484979,0.975,0.9754090133493927,0.998189532083948
mistral-7b,halueval_qa,probe_mlp,24,0.9975,0.0010206207261596358,0.9708333333333332,0.9714945297601124,0.9975642715044191
mistral-7b,halueval_qa,probe_mlp,25,0.9964583333333333,0.002124591463996999,0.9708333333333333,0.9714945297601124,0.9964017979406297
mistral-7b,halueval_qa,probe_mlp,26,0.9968750000000001,0.002338535866733703,0.9708333333333333,0.9713903468148605,0.9967834316337298
mistral-7b,halueval_qa,probe_mlp,27,0.9964583333333333,0.0025173012444988678,0.9708333333333333,0.9713903468148605,0.9964447873586192
mistral-7b,halueval_qa,probe_mlp,28,0.9960416666666667,0.0023570226039551605,0.9666666666666667,0.9674796747967479,0.9960100538446173
mistral-7b,halueval_qa,probe_mlp,29,0.995625,0.001767766952966331,0.9666666666666667,0.9674796747967479,0.9955880452976088
mistral-7b,halueval_qa,probe_mlp,30,0.9964583333333333,0.0016404183070858106,0.9666666666666667,0.9674796747967479,0.9964474776395993
mistral-7b,halueval_qa,probe_mlp,31,0.9968750000000001,0.0017677669529663834,0.9708333333333333,0.9713941583860283,0.99685398170464
mistral-7b,halueval_qa,probe_mlp,32,0.9945833333333334,0.0059802917060030785,0.9416666666666668,0.947361280694614,0.9904854544680126
mistral-7b,synthetic,probe_linear,0,0.7468750000000001,0.03313187821670644,0.6916666666666668,0.6679866679866681,0.7674455329980828
mistral-7b,synthetic,probe_linear,1,0.7166666666666667,0.05622761900426588,0.6583333333333333,0.6582369043175315,0.7456601833093267
mistral-7b,synthetic,probe_linear,2,0.7170833333333334,0.07352248333370928,0.6541666666666667,0.6689941584519898,0.7368900273295891
mistral-7b,synthetic,probe_linear,3,0.7393749999999999,0.08471613138397355,0.6708333333333334,0.6818901263345708,0.7674923559745341
mistral-7b,synthetic,probe_linear,4,0.78125,0.06620478016477868,0.6916666666666668,0.6901427366543645,0.7902256454471805
mistral-7b,synthetic,probe_linear,5,0.7675,0.06782905903814379,0.7000000000000001,0.711812740105423,0.7849765335140305
mistral-7b,synthetic,probe_linear,6,0.7972916666666666,0.07406594284074754,0.7291666666666666,0.7373695408593622,0.8116642855229177
mistral-7b,synthetic,probe_linear,7,0.8825,0.07734359217155617,0.8208333333333334,0.8307933294775399,0.8974039178467308
mistral-7b,synthetic,probe_linear,8,0.9375,0.03675297606997292,0.875,0.8800576668557384,0.9448354518894804
mistral-7b,synthetic,probe_linear,9,0.9587499999999999,0.030160162742708573,0.9041666666666667,0.9072138340431023,0.9646996036043675
mistral-7b,synthetic,probe_linear,10,0.9766666666666667,0.01709603186577387,0.9500000000000001,0.9492397520175299,0.9758691183814284
mistral-7b,synthetic,probe_linear,11,0.9864583333333332,0.012101279776214691,0.9541666666666666,0.9537907565685343,0.984062832137654
mistral-7b,synthetic,probe_linear,12,0.98875,0.010193441518937604,0.9583333333333334,0.9594170220049264,0.9867271792798779
mistral-7b,synthetic,probe_linear,13,0.993125,0.004868050602311621,0.9666666666666668,0.9665598791477835,0.9928290864171663
mistral-7b,synthetic,probe_linear,14,0.9960416666666667,0.0034736108334444166,0.9666666666666667,0.9677735331570183,0.9957351314164017
mistral-7b,synthetic,probe_linear,15,0.9929166666666666,0.0050346024889977355,0.9375,0.9407818454760619,0.9930821325350282
mistral-7b,synthetic,probe_linear,16,0.9966666666666667,0.0007795119555778879,0.9291666666666667,0.9349062395771592,0.9966778012959016
mistral-7b,synthetic,probe_linear,17,0.9977083333333333,0.0002946278254944408,0.9083333333333332,0.9170057625753204,0.9978713002114166
mistral-7b,synthetic,probe_linear,18,0.9983333333333334,0.0019320038532283023,0.9125,0.9215717344579742,0.9983758750943127
mistral-7b,synthetic,probe_linear,19,0.9964583333333333,0.0030760048042152736,0.9333333333333332,0.9403583200219018,0.99642176599253
mistral-7b,synthetic,probe_linear,20,0.9960416666666667,0.004340138886666606,0.9333333333333332,0.9374847374847374,0.9963728349240014
mistral-7b,synthetic,probe_linear,21,0.9968750000000001,0.003186887195995459,0.9291666666666667,0.9358611582720241,0.9968640502321504
mistral-7b,synthetic,probe_linear,22,0.995625,0.0031040967553648486,0.9500000000000001,0.9466666666666667,0.9958917365167367
mistral-7b,synthetic,probe_linear,23,0.9943750000000001,0.003985651347856035,0.9791666666666666,0.9791073124406457,0.9954737053392213
mistral-7b,synthetic,probe_linear,24,0.9858333333333333,0.014300835251442117,0.9333333333333332,0.9410593389088012,0.9877027796161996
mistral-7b,synthetic,probe_linear,25,0.99375,0.004419417382415932,0.9666666666666667,0.9670781893004116,0.9950313280100516
mistral-7b,synthetic,probe_linear,26,0.9947916666666666,0.0036916760722227548,0.9666666666666667,0.9654320987654321,0.9956153151275103
mistral-7b,synthetic,probe_linear,27,0.9970833333333333,0.004124789556921544,0.9541666666666666,0.9565758010521281,0.9975177304964541
mistral-7b,synthetic,probe_linear,28,0.9970833333333333,0.004124789556921597,0.9791666666666666,0.9784659784659784,0.9975177304964541
mistral-7b,synthetic,probe_linear,29,0.9922916666666666,0.00559792868439352,0.975,0.9746673080006413,0.9935884991586862
mistral-7b,synthetic,probe_linear,30,0.9943750000000001,0.004050462936504895,0.9583333333333334,0.9576923076923077,0.9949605106791518
mistral-7b,synthetic,probe_linear,31,0.9972916666666668,0.002301116878580677,0.9666666666666667,0.9661959777492511,0.997457252548716
mistral-7b,synthetic,probe_linear,32,0.99375,0.007144345083117606,0.9625,0.9612126894827316,0.9947423777203189
mistral-7b,synthetic,probe_mlp,0,0.7604166666666666,0.045328900288766065,0.6583333333333333,0.6461365033818406,0.7810185317294797
mistral-7b,synthetic,probe_mlp,1,0.765,0.052099164260731336,0.6708333333333334,0.6507656725048029,0.7861460438675785
mistral-7b,synthetic,probe_mlp,2,0.8020833333333334,0.033033810541457174,0.6916666666666668,0.6967780788919001,0.8107587553961678
mistral-7b,synthetic,probe_mlp,3,0.84875,0.031946406944548034,0.75,0.744170182841069,0.8597185074030103
mistral-7b,synthetic,probe_mlp,4,0.8847916666666666,0.03048793021654448,0.775,0.7760333899574405,0.8889396645139912
mistral-7b,synthetic,probe_mlp,5,0.8937499999999999,0.024340253011558097,0.7958333333333334,0.7985345779383719,0.9013095356646077
mistral-7b,synthetic,probe_mlp,6,0.9360416666666667,0.01745032632614324,0.8541666666666666,0.849002574002574,0.944945964126806
mistral-7b,synthetic,probe_mlp,7,0.9808333333333333,0.01556516320362736,0.9291666666666666,0.9281171503393725,0.9817964701263423
mistral-7b,synthetic,probe_mlp,8,0.989375,0.010051948401512375,0.9541666666666666,0.9547325102880658,0.9891038911185999
mistral-7b,synthetic,probe_mlp,9,0.9958333333333332,0.004630439743936052,0.9791666666666666,0.9791139240506329,0.9957838724022395
mistral-7b,synthetic,probe_mlp,10,0.9927083333333333,0.00521249833466536,0.9625,0.9622362869198312,0.9930895804804286
mistral-7b,synthetic,probe_mlp,11,0.9902083333333334,0.013407994091420048,0.9500000000000001,0.9546283273428139,0.9873852687809953
mistral-7b,synthetic,probe_mlp,12,0.989375,0.010545042279036484,0.9625,0.9623216289882955,0.9867456647098242
mistral-7b,synthetic,probe_mlp,13,0.9929166666666666,0.005870417834835583,0.9166666666666666,0.9223009146380794,0.9920893787434985
mistral-7b,synthetic,probe_mlp,14,0.9941666666666666,0.0041562369465124845,0.9250000000000002,0.9302325581395349,0.9940552310811254
mistral-7b,synthetic,probe_mlp,15,0.9943750000000001,0.0040504629365048775,0.9333333333333332,0.9376153562200074,0.9939595116156109
mistral-7b,synthetic,probe_mlp,16,0.9958333333333332,0.003118047822311601,0.9416666666666668,0.9464411557434813,0.9959126658616485
mistral-7b,synthetic,probe_mlp,17,0.9968750000000001,0.003186887195995459,0.9291666666666667,0.9347469650245092,0.9970659371116689
mistral-7b,synthetic,probe_mlp,18,0.9964583333333333,0.0026187093937451054,0.9458333333333334,0.949457007153649,0.9966255963318388
mistral-7b,synthetic,probe_mlp,19,0.995,0.003535533905932741,0.9291666666666666,0.9353569851223646,0.9953328680363565
mistral-7b,synthetic,probe_mlp,20,0.9987499999999999,0.0017677669529663313,0.975,0.9743260590500641,0.9987901664730933
mistral-7b,synthetic,probe_mlp,21,0.9987499999999999,0.0017677669529663834,0.9625,0.9618609390327842,0.9987901664730933
mistral-7b,synthetic,probe_mlp,22,0.99625,0.003679900360969958,0.9583333333333334,0.9576489692022426,0.996319889108721
mistral-7b,synthetic,probe_mlp,23,0.9981249999999999,0.0013501543121683269,0.9583333333333334,0.957242465137202,0.9982184497924714
mistral-7b,synthetic,probe_mlp,24,0.9981249999999999,0.0013501543121682926,0.9583333333333334,0.957242465137202,0.9982184497924713
mistral-7b,synthetic,probe_mlp,25,0.9974999999999999,0.0017677669529663313,0.9583333333333334,0.957242465137202,0.9976256027170661
mistral-7b,synthetic,probe_mlp,26,0.9945833333333333,0.00523741878749025,0.9458333333333333,0.947361280694614,0.9949289430982097
mistral-7b,synthetic,probe_mlp,27,0.9929166666666666,0.00580349511549336,0.9500000000000001,0.950605849237114,0.9934253351384777
mistral-7b,synthetic,probe_mlp,28,0.9952083333333333,0.0030760048042153165,0.9541666666666666,0.9548278630934458,0.9954378356809359
mistral-7b,synthetic,probe_mlp,29,0.9945833333333334,0.0035843021946010698,0.9666666666666668,0.9662407187020406,0.995049320475487
mistral-7b,synthetic,probe_mlp,30,0.9985416666666667,0.0007795119555779373,0.9708333333333333,0.9699107476885255,0.9985915118079752
mistral-7b,synthetic,probe_mlp,31,0.9945833333333334,0.002124591463996999,0.9583333333333334,0.9572424651372019,0.994881109163111
mistral-7b,synthetic,probe_mlp,32,0.9870833333333332,0.017390530628924362,0.9083333333333333,0.9207924468648314,0.9896527733496289
mistral-7b,truthfulqa,probe_linear,0,0.5004169272461956,0.0002948120830463245,0.5041666666666667,0.44998495265874944,0.5127084636230977
mistral-7b,truthfulqa,probe_linear,1,0.6372732958098811,0.014150979986222372,0.5291666666666667,0.681743270020782,0.6551983428749272
mistral-7b,truthfulqa,probe_linear,2,0.7475505524286014,0.04511010229419038,0.6083333333333334,0.6997493688762816,0.777515310286527
mistral-7b,truthfulqa,probe_linear,3,0.7771523869084845,0.0178525695776582,0.5958333333333333,0.7000694607033223,0.8231212837774683
mistral-7b,truthfulqa,probe_linear,4,0.7796539503856578,0.027021582010850715,0.7208333333333333,0.7428574322664621,0.8170924978299405
mistral-7b,truthfulqa,probe_linear,5,0.8107150302272254,0.022006492758635244,0.725,0.7364694733992149,0.8509341648347789
mistral-7b,truthfulqa,probe_linear,6,0.8190535751511362,0.018142324554542098,0.7416666666666666,0.7372083290453157,0.8591460754443191
mistral-7b,truthfulqa,probe_linear,7,0.8269751928288515,0.019838027522818935,0.7666666666666667,0.7521637426900586,0.8720255621580099
mistral-7b,truthfulqa,probe_linear,8,0.8330206378986866,0.01225510815651365,0.7625000000000001,0.7508488467392578,0.8710894496692019
mistral-7b,truthfulqa,probe_linear,9,0.8442776735459662,0.010045264793126344,0.7625000000000001,0.7465674314989382,0.8784835977748497
mistral-7b,truthfulqa,probe_linear,10,0.8699186991869919,0.014049272833432684,0.7916666666666666,0.779400393324444,0.8996970931783678
mistral-7b,truthfulqa,probe_linear,11,0.8684594538253076,0.017106723568003825,0.7833333333333333,0.7736501591531573,0.8979241532154593
mistral-7b,truthfulqa,probe_linear,12,0.8811757348342715,0.01605034526155529,0.7875,0.7830342713383649,0.9078321275071316
mistral-7b,truthfulqa,probe_linear,13,0.888888888888889,0.016830129574266765,0.8083333333333332,0.8047571962206108,0.9130963401800741
mistral-7b,truthfulqa,probe_linear,14,0.8840942255576402,0.019619960084807063,0.7958333333333334,0.7934653594133619,0.9087508923120297
mistral-7b,truthfulqa,probe_linear,15,0.8938920158432353,0.007665114159203757,0.8083333333333335,0.8122468527640941,0.9118536764214218
mistral-7b,truthfulqa,probe_linear,16,0.9038982697519282,0.011490109468018095,0.8000000000000002,0.8065140415140415,0.9203517826483026
mistral-7b,truthfulqa,probe_linear,17,0.890556597873671,0.01788661619271431,0.7875,0.7922942605526875,0.9060566596664614
mistral-7b,truthfulqa,probe_linear,18,0.9016051698978528,0.011714839539901729,0.8208333333333333,0.8236136226642555,0.9158200002767529
mistral-7b,truthfulqa,probe_linear,19,0.8941004794663332,0.013790148349836363,0.7833333333333333,0.7910562677384796,0.9088959797765647
mistral-7b,truthfulqa,probe_linear,20,0.8828434438190534,0.01615828424021348,0.7708333333333334,0.7817614484281151,0.9010138060804063
mistral-7b,truthfulqa,probe_linear,21,0.8826349801959559,0.016230737260639387,0.775,0.7870744751700519,0.8995643572641882
mistral-7b,truthfulqa,probe_linear,22,0.8820095893266625,0.014960079314579263,0.7875,0.7908626989159645,0.8986651379010789
mistral-7b,truthfulqa,probe_linear,23,0.8811757348342715,0.014719952840450056,0.775,0.7851626016260163,0.8959709497919327
mistral-7b,truthfulqa,probe_linear,24,0.8755472170106317,0.01558047691561788,0.775,0.7815205248659999,0.8930842123269978
mistral-7b,truthfulqa,probe_linear,25,0.873462580779654,0.00798173430021958,0.7541666666666665,0.7656133260158556,0.8875154225792312
mistral-7b,truthfulqa,probe_linear,26,0.8724202626641651,0.018643222443453268,0.775,0.7828605503024108,0.8874719846190321
mistral-7b,truthfulqa,probe_linear,27,0.8753387533875339,0.014994897234400194,0.775,0.7857907821763245,0.888802235722285
mistral-7b,truthfulqa,probe_linear,28,0.8792995622263916,0.009701960623906655,0.7875,0.7967706622879037,0.8905977609700191
mistral-7b,truthfulqa,probe_linear,29,0.8747133625182405,0.014942639931171444,0.7625000000000001,0.7717086834733894,0.8866244487156708
mistral-7b,truthfulqa,probe_linear,30,0.8699186991869919,0.01905818177717646,0.7541666666666665,0.7554514997620755,0.8844055859052998
mistral-7b,truthfulqa,probe_linear,31,0.8657494267250364,0.018764042198316584,0.7624999999999998,0.7706738685287023,0.8805015908319934
mistral-7b,truthfulqa,probe_linear,32,0.8425057327496351,0.0266095465593326,0.7625000000000001,0.7697632711621235,0.8627703324378313
mistral-7b,truthfulqa,probe_mlp,0,0.5004169272461956,0.0002948120830463245,0.5041666666666667,0.4517906336088154,0.5127084636230977
mistral-7b,truthfulqa,probe_mlp,1,0.6272670419011882,0.03626548130578721,0.6083333333333333,0.6554380199240012,0.624314041531068
mistral-7b,truthfulqa,probe_mlp,2,0.7375442985199082,0.04073637366252297,0.6750000000000002,0.6929828341593046,0.7584184433846618
mistral-7b,truthfulqa,probe_mlp,3,0.7859078590785907,0.038233615177374065,0.65,0.5740305544522412,0.82561404701742
mistral-7b,truthfulqa,probe_mlp,4,0.7836147592245153,0.00974219007341919,0.7125,0.7075545424943015,0.8142743362174714
mistral-7b,truthfulqa,probe_mlp,5,0.8632478632478633,0.031044986198010632,0.7999999999999999,0.7995101104857202,0.88725800757071
mistral-7b,truthfulqa,probe_mlp,6,0.850740045861997,0.03310176535258206,0.7583333333333333,0.757801751094434,0.8839869274870454
mistral-7b,truthfulqa,probe_mlp,7,0.8467792370231395,0.026241587677366306,0.7708333333333334,0.7620362759603266,0.8843356787807265
mistral-7b,truthfulqa,probe_mlp,8,0.8453199916614551,0.022083373291776807,0.775,0.7734006288223156,0.8790503615909343
mistral-7b,truthfulqa,probe_mlp,9,0.8651240358557432,0.01225865368187552,0.7958333333333334,0.7932869028858048,0.8924798972304068
mistral-7b,truthfulqa,probe_mlp,10,0.8703356264331874,0.0220301768832569,0.7875,0.7949665231946437,0.8980403503925619
mistral-7b,truthfulqa,probe_mlp,11,0.8655409631019387,0.0163640624613637,0.7541666666666665,0.7680913173317574,0.8885087296068409
mistral-7b,truthfulqa,probe_mlp,12,0.8815926620804669,0.009024332216766023,0.7833333333333332,0.7853449232759577,0.9027567055839673
mistral-7b,truthfulqa,probe_mlp,13,0.8982697519282885,0.012258653681875495,0.8041666666666666,0.8129234942189338,0.9198312776266283
mistral-7b,truthfulqa,probe_mlp,14,0.8947258703356264,0.020567236997157522,0.7791666666666667,0.8015097587642775,0.9143933111776397
mistral-7b,truthfulqa,probe_mlp,15,0.9061913696060038,0.01220180164824841,0.8250000000000001,0.8357117688513038,0.9186236205833005
mistral-7b,truthfulqa,probe_mlp,16,0.9080675422138839,0.015854203328606688,0.8208333333333333,0.8291806958473625,0.9208352692666092
mistral-7b,truthfulqa,probe_mlp,17,0.8924327704815509,0.024451636679150214,0.7958333333333334,0.8120460565666923,0.9095591648959379
mistral-7b,truthfulqa,probe_mlp,18,0.8953512612049197,0.023865215664729912,0.8041666666666667,0.8092565383485161,0.9105238532689638
mistral-7b,truthfulqa,probe_mlp,19,0.897852824682093,0.021521282062379837,0.8083333333333332,0.8164257028112449,0.9056101937198301
mistral-7b,truthfulqa,probe_mlp,20,0.8828434438190537,0.02924589357458023,0.7916666666666666,0.7951465201465201,0.9000560123935458
mistral-7b,truthfulqa,probe_mlp,21,0.8781530122993537,0.027085433952596317,0.7666666666666666,0.7811533052039382,0.887931342305882
mistral-7b,truthfulqa,probe_mlp,22,0.8782572441109027,0.027509300766250317,0.7708333333333334,0.7725072423138025,0.8947083907963349
mistral-7b,truthfulqa,probe_mlp,23,0.8740879716489474,0.02908497139813246,0.7916666666666666,0.7939883899542229,0.8863643859804986
mistral-7b,truthfulqa,probe_mlp,24,0.8728371899103605,0.027636962133294224,0.7666666666666666,0.7688117740884541,0.8852295543403957
mistral-7b,truthfulqa,probe_mlp,25,0.8686679174484052,0.027954342262197583,0.7666666666666666,0.778132136388692,0.8850371116817302
mistral-7b,truthfulqa,probe_mlp,26,0.8676255993329164,0.027141931705248735,0.7541666666666668,0.7557090665843367,0.8788411747096799
mistral-7b,truthfulqa,probe_mlp,27,0.8637690223056077,0.026301550568077654,0.7541666666666668,0.7446355085243974,0.8783119846503827
mistral-7b,truthfulqa,probe_mlp,28,0.8684594538253075,0.027299980933309976,0.7666666666666666,0.7750127155869978,0.8746294308705244
mistral-7b,truthfulqa,probe_mlp,29,0.8685636856368563,0.026819394014207118,0.7583333333333333,0.766434344078253,0.8712315006733308
mistral-7b,truthfulqa,probe_mlp,30,0.8641859495518033,0.019461505582105656,0.7541666666666668,0.757753781872184,0.8706828833238983
mistral-7b,truthfulqa,probe_mlp,31,0.8568897227433814,0.02051487538666934,0.7583333333333333,0.7554561082972934,0.8640253832604491
mistral-7b,truthfulqa,probe_mlp,32,0.8664790494058786,0.016165678567241982,0.7666666666666666,0.7725066569837812,0.8723949329850987
qwen2.5-7b,fever,probe_linear,0,0.5,0.0,0.5125,0.6776859504132231,0.5125
qwen2.5-7b,fever,probe_linear,1,0.6716697936210133,0.07266923495756118,0.6083333333333333,0.5352269562795878,0.7007999760013547
qwen2.5-7b,fever,probe_linear,2,0.6977277465082343,0.05060730856038135,0.6125,0.5627600811527241,0.7260209675675938
qwen2.5-7b,fever,probe_linear,3,0.7306649989576819,0.10655081322468733,0.65,0.5998268751945223,0.7600627655007332
qwen2.5-7b,fever,probe_linear,4,0.7809047321242444,0.08337867389609757,0.6791666666666667,0.6902429871470118,0.7958600264453799
qwen2.5-7b,fever,probe_linear,5,0.8059203668959767,0.08524658463616931,0.7125,0.714228255404726,0.806665209741524
qwen2.5-7b,fever,probe_linear,6,0.8032103397957057,0.08602604459413382,0.7125,0.7259280329967287,0.8011419309281322
qwen2.5-7b,fever,probe_linear,7,0.8357306649989577,0.054831084775431777,0.7416666666666667,0.7525175500621589,0.8221070853599527
qwen2.5-7b,fever,probe_linear,8,0.8415676464456953,0.05279606200834624,0.7291666666666666,0.7560725326682775,0.8332761146881128
qwen2.5-7b,fever,probe_linear,9,0.8453199916614551,0.06185224951800514,0.7666666666666666,0.7715387593436374,0.8477199141368207
qwen2.5-7b,fever,probe_linear,10,0.8528246820929747,0.042173587213347644,0.7625000000000001,0.7797245830868694,0.8577663855865026
qwen2.5-7b,fever,probe_linear,11,0.8549093183239526,0.033990439629021145,0.75,0.7583333333333334,0.8565948696313472
qwen2.5-7b,fever,probe_linear,12,0.8655409631019387,0.03803418660596367,0.7583333333333334,0.7758013591346925,0.8660716783732031
qwen2.5-7b,fever,probe_linear,13,0.8624140087554721,0.022796047648881455,0.7625000000000001,0.7534976682211858,0.8666485225269437
qwen2.5-7b,fever,probe_linear,14,0.859912445278299,0.027888973742521726,0.7708333333333334,0.7752646541221063,0.8638030691431998
qwen2.5-7b,fever,probe_linear,15,0.8676255993329164,0.051209121898000455,0.7541666666666668,0.7902469135802469,0.8700819226313637
qwen2.5-7b,fever,probe_linear,16,0.8755472170106318,0.051921254168272014,0.7583333333333333,0.7103386809269162,0.8780577891717115
qwen2.5-7b,fever,probe_linear,17,0.8872211799041069,0.037639087107083156,0.7458333333333332,0.7028721593012066,0.8798046507141467
qwen2.5-7b,fever,probe_linear,18,0.8953512612049197,0.034937408655637464,0.8125,0.8148558758314856,0.8823255845245953
qwen2.5-7b,fever,probe_linear,19,0.919533041484261,0.02298589143020311,0.8125,0.8055258467023173,0.913474776451964
qwen2.5-7b,fever,probe_linear,20,0.9205753595997498,0.008529194307058084,0.8208333333333334,0.8106533499791927,0.9178571750572084
qwen2.5-7b,fever,probe_linear,21,0.9199499687304565,0.02327148808770549,0.7999999999999999,0.8218497189085424,0.917299171569277
qwen2.5-7b,fever,probe_linear,22,0.9018136335209507,0.024905950908992936,0.8208333333333334,0.8246894237232402,0.9028956626855204
qwen2.5-7b,fever,probe_linear,23,0.9116114238065457,0.004826281802289018,0.7791666666666667,0.7630533759566017,0.9059807522376699
qwen2.5-7b,fever,probe_linear,24,0.9049405878674172,0.028957690813734196,0.8166666666666668,0.8132142891620432,0.8951824385162391
qwen2.5-7b,fever,probe_linear,25,0.9028559516364395,0.021338774726319284,0.7999999999999999,0.800700545506747,0.890576020008751
qwen2.5-7b,fever,probe_linear,26,0.9120283510527413,0.009958366406083921,0.7583333333333334,0.7371813302664366,0.9120287744737702
qwen2.5-7b,fever,probe_linear,27,0.9111944965603502,0.011198979377580366,0.7583333333333333,0.7292531949520237,0.9004610947206678
qwen2.5-7b,fever,probe_linear,28,0.892432770481551,0.01302855950969337,0.8000000000000002,0.8234151107251412,0.8812427870969586
qwen2.5-7b,fever,probe_mlp,0,0.5,0.0,0.5125,0.6776859504132231,0.5125
qwen2.5-7b,fever,probe_mlp,1,0.6700020846362311,0.04967649209894565,0.5958333333333333,0.5261448640758986,0.6962792997595306
qwen2.5-7b,fever,probe_mlp,2,0.6966854283927454,0.034936164778159355,0.6083333333333334,0.5562474242253943,0.7241733950901059
qwen2.5-7b,fever,probe_mlp,3,0.7675630602459872,0.06385387440175655,0.6708333333333334,0.6284382104947723,0.7849410491727054
qwen2.5-7b,fever,probe_mlp,4,0.8050865124035855,0.05079245159683302,0.6833333333333332,0.6191173691173691,0.8045536112255333
qwen2.5-7b,fever,probe_mlp,5,0.8413591828225974,0.051371798538807315,0.7416666666666667,0.746793870233788,0.8487488740020392
qwen2.5-7b,fever,probe_mlp,6,0.8338544923910778,0.05658625917436418,0.7041666666666666,0.6569541569541569,0.8197022546648424
qwen2.5-7b,fever,probe_mlp,7,0.8340629560141756,0.04286044536467423,0.7291666666666666,0.7099057804940158,0.8347393753314346
qwen2.5-7b,fever,probe_mlp,8,0.8547008547008547,0.04653550599220335,0.7583333333333333,0.7621166734774726,0.8578853437902486
qwen2.5-7b,fever,probe_mlp,9,0.8622055451323746,0.04761283595523666,0.725,0.6817986424378351,0.8676156764585862
qwen2.5-7b,fever,probe_mlp,10,0.8521992912236813,0.03441481246576393,0.7583333333333333,0.7511351013460718,0.8564846352606083
qwen2.5-7b,fever,probe_mlp,11,0.8499061913696059,0.0365769016077816,0.7666666666666666,0.7706410055807646,0.852466854287146
qwen2.5-7b,fever,probe_mlp,12,0.8597039816552012,0.030369937630142698,0.7583333333333333,0.7766694760109779,0.8675062127358157
qwen2.5-7b,fever,probe_mlp,13,0.8686679174484052,0.028595252365198665,0.7666666666666666,0.7807108350586612,0.8716296975719525
qwen2.5-7b,fever,probe_mlp,14,0.8588701271628101,0.037399326815363954,0.7624999999999998,0.7577838827838828,0.8622442721341951
qwen2.5-7b,fever,probe_mlp,15,0.877840316864707,0.041676044192953295,0.7916666666666666,0.7905844155844156,0.8764232644646128
qwen2.5-7b,fever,probe_mlp,16,0.8701271628100896,0.048792067742798984,0.7541666666666668,0.7514671361502346,0.8700467373948145
qwen2.5-7b,fever,probe_mlp,17,0.8976443610589953,0.0300982779341967,0.8083333333333332,0.8077701915667616,0.8906136138633366
qwen2.5-7b,fever,probe_mlp,18,0.8984782155513861,0.027480851036502465,0.8291666666666666,0.8236230977694392,0.8917297148308218
qwen2.5-7b,fever,probe_mlp,19,0.9224515322076298,0.02414581152482018,0.8125,0.8223320158102766,0.9194797884419912
qwen2.5-7b,fever,probe_mlp,20,0.9186991869918698,0.007710336464001252,0.8166666666666668,0.8310330836454431,0.9173440915746595
qwen2.5-7b,fever,probe_mlp,21,0.9270377319157808,0.009139174574435239,0.8541666666666666,0.86363462786879,0.9228582982338781
qwen2.5-7b,fever,probe_mlp,22,0.9199499687304565,0.004871095036709533,0.8125,0.8150253926274263,0.9163597974451991
qwen2.5-7b,fever,probe_mlp,23,0.9089013967062748,0.006239995641899463,0.7708333333333334,0.7446626516540107,0.9104400836658414
qwen2.5-7b,fever,probe_mlp,24,0.9118198874296435,0.0018411008685277703,0.8208333333333333,0.8272485730868281,0.9155765532884552
qwen2.5-7b,fever,probe_mlp,25,0.9147383781530123,0.010518637324613615,0.6791666666666667,0.5146015853149771,0.9149734895062055
qwen2.5-7b,fever,probe_mlp,26,0.9216176777152386,0.006302362500659098,0.7041666666666666,0.5459042630583443,0.9209850227426378
qwen2.5-7b,fever,probe_mlp,27,0.9270377319157808,0.00658560308481608,0.7999999999999999,0.77706640360473,0.9285002626476108
qwen2.5-7b,fever,probe_mlp,28,0.9178653324994789,0.011202859155759387,0.7041666666666666,0.5750141239013457,0.9213834365579103
qwen2.5-7b,halueval_qa,probe_linear,0,0.9816666666666668,0.017149263022713846,0.8375,0.7758451424055512,0.9771352141501493
qwen2.5-7b,halueval_qa,probe_linear,1,0.9822916666666667,0.014472795360798677,0.9541666666666666,0.9539647344525393,0.9790227687130235
qwen2.5-7b,halueval_qa,probe_linear,2,0.9845833333333333,0.01695838452080722,0.9708333333333332,0.9714945297601124,0.9787051737183626
qwen2.5-7b,halueval_qa,probe_linear,3,0.9874999999999999,0.012818850052429288,0.9583333333333334,0.9587359305379269,0.9889500047170384
qwen2.5-7b,halueval_qa,probe_linear,4,0.9879166666666667,0.00957880327714388,0.9666666666666667,0.9672764227642277,0.986915634529225
qwen2.5-7b,halueval_qa,probe_linear,5,0.9862500000000001,0.004868050602311583,0.9499999999999998,0.9492939666238768,0.9829504102150571
qwen2.5-7b,halueval_qa,probe_linear,6,0.993125,0.0030618621784789524,0.9583333333333334,0.9585157390035439,0.9929051438442663
qwen2.5-7b,halueval_qa,probe_linear,7,0.9933333333333333,0.005111601727660519,0.9583333333333334,0.9589430894308943,0.9932166231991908
qwen2.5-7b,halueval_qa,probe_linear,8,0.9933333333333333,0.005621140651346652,0.9583333333333334,0.9589430894308943,0.9923058101625449
qwen2.5-7b,halueval_qa,probe_linear,9,0.9927083333333334,0.005870417834835538,0.9666666666666667,0.9671785606744955,0.9911135235255341
qwen2.5-7b,halueval_qa,probe_linear,10,0.99125,0.0077055175037111885,0.9624999999999999,0.9629515282494596,0.9891391508538434
qwen2.5-7b,halueval_qa,probe_linear,11,0.9891666666666666,0.010829326181972517,0.9624999999999999,0.9632640770852152,0.9864985273118281
qwen2.5-7b,halueval_qa,probe_linear,12,0.9927083333333333,0.007436070123989457,0.9624999999999999,0.9629515282494596,0.9921695472763751
qwen2.5-7b,halueval_qa,probe_linear,13,0.9933333333333333,0.007330255035732973,0.9624999999999999,0.9629515282494596,0.991477496648435
qwen2.5-7b,halueval_qa,probe_linear,14,0.99375,0.006750771560841514,0.9541666666666666,0.9539647344525393,0.9921142638713705
qwen2.5-7b,halueval_qa,probe_linear,15,0.995625,0.003346328834210229,0.9708333333333332,0.9714945297601124,0.9955473778924601
qwen2.5-7b,halueval_qa,probe_linear,16,0.9966666666666667,0.0023570226039551605,0.9666666666666667,0.9672764227642277,0.9965876570175837
qwen2.5-7b,halueval_qa,probe_linear,17,0.9941666666666666,0.0054565836890453035,0.9666666666666667,0.9672764227642277,0.9936547587926722
qwen2.5-7b,halueval_qa,probe_linear,18,0.9964583333333333,0.0028105703256733287,0.9708333333333333,0.9711909063535079,0.9965516725642584
qwen2.5-7b,halueval_qa,probe_linear,19,0.9968749999999998,0.002551551815399135,0.9708333333333333,0.9711909063535079,0.9968681833155517
qwen2.5-7b,halueval_qa,probe_linear,20,0.9945833333333334,0.004124789556921491,0.9666666666666667,0.9672764227642277,0.994393479940876
qwen2.5-7b,halueval_qa,probe_linear,21,0.9952083333333333,0.002901747557746693,0.9708333333333333,0.971291277727592,0.9952857032489247
qwen2.5-7b,halueval_qa,probe_linear,22,0.9925,0.00453573772022438,0.9666666666666667,0.9672764227642277,0.9924196069325205
qwen2.5-7b,halueval_qa,probe_linear,23,0.9935416666666667,0.0015590239111558152,0.9666666666666667,0.9671785606744955,0.9936808868958155
qwen2.5-7b,halueval_qa,probe_linear,24,0.9947916666666666,0.0024116326880812456,0.9583333333333334,0.959349593495935,0.9951976522721985
qwen2.5-7b,halueval_qa,probe_linear,25,0.9945833333333334,0.0025685058345704,0.9541666666666666,0.9551339957844022,0.9951175030581427
qwen2.5-7b,halueval_qa,probe_linear,26,0.9939583333333334,0.004602233757161351,0.9541666666666666,0.9553921568627451,0.9936639802772311
qwen2.5-7b,halueval_qa,probe_linear,27,0.9939583333333334,0.0047415861153087165,0.9624999999999999,0.9632640770852152,0.9939951908528282
qwen2.5-7b,halueval_qa,probe_linear,28,0.9905208333333334,0.0069706104268006915,0.9416666666666668,0.9450414810661516,0.9905067332271965
qwen2.5-7b,halueval_qa,probe_mlp,0,0.979375,0.012788341044352341,0.9708333333333332,0.9714945297601124,0.9702037565359068
qwen2.5-7b,halueval_qa,probe_mlp,1,0.9779166666666667,0.022903405253852982,0.9541666666666666,0.9541997699179271,0.9751232808022348
qwen2.5-7b,halueval_qa,probe_mlp,2,0.9797916666666667,0.02202232137829452,0.9583333333333334,0.9586355591638429,0.9715825682124212
qwen2.5-7b,halueval_qa,probe_mlp,3,0.9831249999999999,0.01947220240924654,0.9624999999999999,0.9629515282494596,0.9810020270000525
qwen2.5-7b,halueval_qa,probe_mlp,4,0.9829166666666667,0.019299809296697445,0.9708333333333332,0.9714945297601124,0.9802194005102599
qwen2.5-7b,halueval_qa,probe_mlp,5,0.9847916666666667,0.013133264593728697,0.9708333333333332,0.9714945297601124,0.9828716154788726
qwen2.5-7b,halueval_qa,probe_mlp,6,0.9872916666666667,0.011195857368786952,0.9583333333333334,0.9582146248812915,0.9851235342993326
qwen2.5-7b,halueval_qa,probe_mlp,7,0.9933333333333333,0.006852868418082709,0.9583333333333334,0.9582146248812915,0.992659357959873
qwen2.5-7b,halueval_qa,probe_mlp,8,0.9922916666666667,0.008390429402334237,0.9708333333333332,0.9714945297601124,0.9915007436650441
qwen2.5-7b,halueval_qa,probe_mlp,9,0.995625,0.0035721725415587577,0.975,0.9755093847234768,0.9953235460505478
qwen2.5-7b,halueval_qa,probe_mlp,10,0.9929166666666666,0.007911182310853103,0.9708333333333332,0.9714945297601124,0.9897906479976776
qwen2.5-7b,halueval_qa,probe_mlp,11,0.993125,0.007971302695712043,0.9666666666666667,0.9674796747967479,0.9900319194359964
qwen2.5-7b,halueval_qa,probe_mlp,12,0.9922916666666667,0.007523112535528223,0.9666666666666667,0.9674796747967479,0.9891178192455805
qwen2.5-7b,halueval_qa,probe_mlp,13,0.993125,0.007954951288348647,0.9666666666666667,0.9674796747967479,0.9900372613163384
qwen2.5-7b,halueval_qa,probe_mlp,14,0.9922916666666666,0.008784653600961673,0.9708333333333333,0.9714945297601124,0.9878599398169694
qwen2.5-7b,halueval_qa,probe_mlp,15,0.9945833333333334,0.00591461231940767,0.9666666666666667,0.9674796747967479,0.9937101320632787
qwen2.5-7b,halueval_qa,probe_mlp,16,0.9964583333333333,0.003397813839645818,0.9666666666666667,0.9674796747967479,0.9962110799258866
qwen2.5-7b,halueval_qa,probe_mlp,17,0.9945833333333334,0.006339635022792913,0.9666666666666667,0.9674796747967479,0.9937627766811407
qwen2.5-7b,halueval_qa,probe_mlp,18,0.995,0.005796011559684827,0.9666666666666667,0.9674796747967479,0.9945992436460204
qwen2.5-7b,halueval_qa,probe_mlp,19,0.995625,0.004177070344950713,0.9666666666666667,0.9674796747967479,0.9954431533918654
qwen2.5-7b,halueval_qa,probe_mlp,20,0.995,0.003852758751855618,0.9666666666666667,0.9674796747967479,0.9947356833551271
qwen2.5-7b,halueval_qa,probe_mlp,21,0.9960416666666667,0.0023011168785806737,0.975,0.9755093847234768,0.995995293875589
qwen2.5-7b,halueval_qa,probe_mlp,22,0.9964583333333333,0.0024116326880812807,0.9708333333333333,0.9714945297601124,0.9964552325944019
qwen2.5-7b,halueval_qa,probe_mlp,23,0.9964583333333333,0.001284252917285134,0.9708333333333333,0.9714945297601124,0.9964697114118332
qwen2.5-7b,halueval_qa,probe_mlp,24,0.9972916666666668,0.001284252917285218,0.9708333333333333,0.9714945297601124,0.9973392897284589
qwen2.5-7b,halueval_qa,probe_mlp,25,0.9974999999999999,0.0008838834764831132,0.9666666666666667,0.9674796747967479,0.9976055008676958
qwen2.5-7b,halueval_qa,probe_mlp,26,0.99625,0.003104096755364878,0.9624999999999999,0.9632640770852152,0.9962779524697142
qwen2.5-7b,halueval_qa,probe_mlp,27,0.995,0.0044487826050130345,0.9624999999999999,0.9624302225928242,0.9947968695218973
qwen2.5-7b,halueval_qa,probe_mlp,28,0.9968750000000001,0.0022243913025065277,0.9750000000000001,0.9752057613168724,0.9968726637851484
qwen2.5-7b,synthetic,probe_linear,0,0.7441666666666666,0.05673020335079211,0.6625,0.6295850645165714,0.7634635626562053
qwen2.5-7b,synthetic,probe_linear,1,0.7902083333333335,0.05266178774869769,0.6625,0.6549165671158702,0.8106020007159785
qwen2.5-7b,synthetic,probe_linear,2,0.7762500000000001,0.06538945824825279,0.6708333333333334,0.683071842225902,0.7834663653048786
qwen2.5-7b,synthetic,probe_linear,3,0.8612500000000001,0.03336586953759779,0.7458333333333332,0.7266511266511267,0.8606125572289111
qwen2.5-7b,synthetic,probe_linear,4,0.8664583333333332,0.059128508822357026,0.7791666666666668,0.7723695666733641,0.8603121579717418
qwen2.5-7b,synthetic,probe_linear,5,0.8635416666666668,0.03330858456247508,0.7708333333333334,0.7778575885536836,0.8559770326475867
qwen2.5-7b,synthetic,probe_linear,6,0.9110416666666667,0.02044640691064214,0.8416666666666667,0.8373510051592244,0.906708689165978
qwen2.5-7b,synthetic,probe_linear,7,0.9279166666666668,0.03750810097684083,0.8458333333333333,0.8394390366221351,0.9284530274948475
qwen2.5-7b,synthetic,probe_linear,8,0.928125,0.036894415792456545,0.8416666666666667,0.8376283260004191,0.9176882973959876
qwen2.5-7b,synthetic,probe_linear,9,0.9802083333333332,0.0196739922797134,0.9499999999999998,0.9499791536376901,0.9643938217962457
qwen2.5-7b,synthetic,probe_linear,10,0.9835416666666666,0.01797954084199286,0.9541666666666666,0.9551989150090415,0.9761941936036799
qwen2.5-7b,synthetic,probe_linear,11,0.9879166666666667,0.009740558106300813,0.9583333333333334,0.9580945965632597,0.9874697302301746
qwen2.5-7b,synthetic,probe_linear,12,0.9908333333333333,0.010424996669330616,0.9416666666666668,0.9437629965310306,0.9920309072019059
qwen2.5-7b,synthetic,probe_linear,13,0.9914583333333334,0.009952142427080132,0.9583333333333334,0.9597401953492984,0.9918745729794743
qwen2.5-7b,synthetic,probe_linear,14,0.9972916666666666,0.0026187093937451054,0.9791666666666666,0.9793196853675052,0.9972240929319494
qwen2.5-7b,synthetic,probe_linear,15,0.9966666666666667,0.003118047822311591,0.9541666666666666,0.9550851000599403,0.9967832839471856
qwen2.5-7b,synthetic,probe_linear,16,0.9997916666666667,0.0002946278254943885,0.9458333333333334,0.9501287157229278,0.9997967479674797
qwen2.5-7b,synthetic,probe_linear,17,1.0,0.0,0.9625,0.9642287377542121,1.0
qwen2.5-7b,synthetic,probe_linear,18,1.0,6.409875621278546e-17,0.975,0.9759969028261711,1.0
qwen2.5-7b,synthetic,probe_linear,19,0.9997916666666667,0.0002946278254943885,0.9833333333333334,0.9835365853658536,0.9997967479674797
qwen2.5-7b,synthetic,probe_linear,20,0.9977083333333333,0.0017921510973005564,0.9833333333333334,0.9831196581196582,0.9977077586215906
qwen2.5-7b,synthetic,probe_linear,21,0.9970833333333333,0.004124789556921544,0.9666666666666667,0.9674498942791626,0.9970006435394755
qwen2.5-7b,synthetic,probe_linear,22,0.993125,0.005376453291901665,0.8875000000000001,0.8800203527815468,0.9930947477007014
qwen2.5-7b,synthetic,probe_linear,23,0.9827083333333334,0.021856142665672307,0.8375,0.8244923800479356,0.9801349723375327
qwen2.5-7b,synthetic,probe_linear,24,0.9783333333333334,0.030200430000617947,0.9125,0.9233526330300523,0.9807892062851226
qwen2.5-7b,synthetic,probe_linear,25,0.9897916666666666,0.01313326459372869,0.9083333333333333,0.8838291843756324,0.9882764527662827
qwen2.5-7b,synthetic,probe_linear,26,0.9877083333333333,0.015648593298511634,0.875,0.8272796120897388,0.9843384475164737
qwen2.5-7b,synthetic,probe_linear,27,0.9872916666666667,0.01581413309529024,0.85,0.7799266437037334,0.9819627222999577
qwen2.5-7b,synthetic,probe_linear,28,0.98375,0.011051489341562363,0.9291666666666667,0.9250803314730255,0.980051378719823
qwen2.5-7b,synthetic,probe_mlp,0,0.7512500000000001,0.05082394038902005,0.625,0.6061942173053284,0.7824228531920522
qwen2.5-7b,synthetic,probe_mlp,1,0.84125,0.03948892249732822,0.7291666666666666,0.738745556702213,0.8531430029089928
qwen2.5-7b,synthetic,probe_mlp,2,0.8135416666666666,0.05562460986130349,0.7125,0.728544061302682,0.8196754056861565
qwen2.5-7b,synthetic,probe_mlp,3,0.8752083333333333,0.03447649158806944,0.7791666666666667,0.7860885275519424,0.8754507308415679
qwen2.5-7b,synthetic,probe_mlp,4,0.890625,0.03973873005855449,0.7791666666666667,0.7774819463594245,0.8979669558768651
qwen2.5-7b,synthetic,probe_mlp,5,0.8952083333333333,0.025193694096384972,0.7916666666666666,0.7937867254911707,0.9034057436712276
qwen2.5-7b,synthetic,probe_mlp,6,0.9347916666666666,0.011137555337186373,0.8291666666666666,0.828955103808905,0.9397283488966138
qwen2.5-7b,synthetic,probe_mlp,7,0.9331250000000001,0.029900006967669254,0.8291666666666666,0.8317238317238318,0.9358214118401659
qwen2.5-7b,synthetic,probe_mlp,8,0.9575,0.012879651263394824,0.8666666666666666,0.865384338586953,0.9598124531399197
qwen2.5-7b,synthetic,probe_mlp,9,0.9902083333333334,0.010512063176285736,0.9541666666666667,0.9557147158773175,0.9913598512270662
qwen2.5-7b,synthetic,probe_mlp,10,0.9874999999999999,0.013891319231808039,0.9375,0.9389456343704708,0.98883726533058
qwen2.5-7b,synthetic,probe_mlp,11,0.9897916666666666,0.011090693045171808,0.9458333333333333,0.94491896991897,0.9913822143157124
qwen2.5-7b,synthetic,probe_mlp,12,0.99125,0.01237436867076458,0.9500000000000001,0.94997594997595,0.9924151781146637
qwen2.5-7b,synthetic,probe_mlp,13,0.9966666666666667,0.004279716371702935,0.9833333333333334,0.9835390946502057,0.996936640741771
qwen2.5-7b,synthetic,probe_mlp,14,0.9972916666666668,0.0038301617314271032,0.9875000000000002,0.9875514403292182,0.9976028557372542
qwen2.5-7b,synthetic,probe_mlp,15,0.9970833333333333,0.004124789556921544,0.9791666666666666,0.9787907565685344,0.9971842722282006
qwen2.5-7b,synthetic,probe_mlp,16,0.9991666666666666,0.001178511301977554,0.9666666666666667,0.9677299219782881,0.9991554411748571
qwen2.5-7b,synthetic,probe_mlp,17,0.9995833333333334,0.000589255650988777,0.9583333333333334,0.9597969555446522,0.9995884146341464
qwen2.5-7b,synthetic,probe_mlp,18,1.0,0.0,0.9916666666666667,0.9917695473251028,1.0
qwen2.5-7b,synthetic,probe_mlp,19,1.0,6.409875621278546e-17,0.975,0.9759036144578314,1.0
qwen2.5-7b,synthetic,probe_mlp,20,0.9995833333333334,0.000589255650988777,0.9500000000000001,0.95483288166215,0.9996031746031746
qwen2.5-7b,synthetic,probe_mlp,21,0.9995833333333333,0.0005892556509888294,0.9375,0.945274936620334,0.9996031746031746
qwen2.5-7b,synthetic,probe_mlp,22,0.9995833333333334,0.000589255650988777,0.9458333333333334,0.9515768784061467,0.9996031746031746
qwen2.5-7b,synthetic,probe_mlp,23,0.9966666666666667,0.004714045207910321,0.9375,0.9362800941748309,0.996524453063285
qwen2.5-7b,synthetic,probe_mlp,24,0.999375,0.0005103103630798632,0.9083333333333333,0.907010582010582,0.9993999225706544
qwen2.5-7b,synthetic,probe_mlp,25,0.9968750000000001,0.002338535866733713,0.9666666666666667,0.9671634980800015,0.9968727449398666
qwen2.5-7b,synthetic,probe_mlp,26,0.9968750000000001,0.004419417382415932,0.9541666666666666,0.9556471396330095,0.9971265206280774
qwen2.5-7b,synthetic,probe_mlp,27,0.9964583333333334,0.0041562369465125365,0.8833333333333333,0.8966208557001396,0.9970700996158314
qwen2.5-7b,synthetic,probe_mlp,28,0.9950000000000001,0.0013501543121682755,0.8916666666666666,0.8898962242596148,0.9951886373192386
qwen2.5-7b,truthfulqa,probe_linear,0,0.5004169272461956,0.0002948120830463245,0.5125,0.6740745885130912,0.5127084636230977
qwen2.5-7b,truthfulqa,probe_linear,1,0.6881384198457369,0.05288488341042864,0.625,0.6160714285714285,0.6891024760546393
qwen2.5-7b,truthfulqa,probe_linear,2,0.7210756722951844,0.05703756730691857,0.6625,0.7072248522540919,0.7383983665765497
qwen2.5-7b,truthfulqa,probe_linear,3,0.7711069418386493,0.02962971437081862,0.65,0.7064927474382942,0.7953552929748398
qwen2.5-7b,truthfulqa,probe_linear,4,0.7961225766103815,0.05249559417494265,0.7374999999999999,0.7399019637447032,0.8280862331198137
qwen2.5-7b,truthfulqa,probe_linear,5,0.8115488847196165,0.04912227543326189,0.725,0.7347179260568567,0.8434038830526948
qwen2.5-7b,truthfulqa,probe_linear,6,0.7854909318323952,0.031941906249255685,0.6833333333333332,0.6766129032258066,0.8243791503743604
qwen2.5-7b,truthfulqa,probe_linear,7,0.7886178861788619,0.07112062724944679,0.7125,0.7214285714285714,0.8315200870058611
qwen2.5-7b,truthfulqa,probe_linear,8,0.8232228476130915,0.03076657542693491,0.7374999999999999,0.7407075682937752,0.8667767811885775
qwen2.5-7b,truthfulqa,probe_linear,9,0.8040441942880968,0.042942494386881504,0.7291666666666666,0.7304980961202018,0.8439761312326791
qwen2.5-7b,truthfulqa,probe_linear,10,0.8373983739837398,0.033982767709359256,0.7541666666666668,0.760194201692329,0.8704274437756035
qwen2.5-7b,truthfulqa,probe_linear,11,0.8378153012299353,0.028977193470035256,0.7333333333333334,0.7345029239766081,0.8725514074787232
qwen2.5-7b,truthfulqa,probe_linear,12,0.8467792370231394,0.029226570220257504,0.7374999999999999,0.7187975646879755,0.874719304518198
qwen2.5-7b,truthfulqa,probe_linear,13,0.8615801542630811,0.026632808618970476,0.7541666666666668,0.772790386351608,0.8901657604501675
qwen2.5-7b,truthfulqa,probe_linear,14,0.8630393996247655,0.028754381319756467,0.775,0.7764957264957265,0.8935972979051728
qwen2.5-7b,truthfulqa,probe_linear,15,0.8699186991869919,0.02097313962127287,0.7583333333333334,0.7573815073815074,0.8959379997199587
qwen2.5-7b,truthfulqa,probe_linear,16,0.900562851782364,0.023438951183961398,0.7875,0.7824221046443268,0.9208425158987378
qwen2.5-7b,truthfulqa,probe_linear,17,0.8938920158432353,0.02782969849220932,0.7999999999999999,0.8020202020202021,0.9131828598708643
qwen2.5-7b,truthfulqa,probe_linear,18,0.8955597248280176,0.024801039107718068,0.7999999999999999,0.7972633744855967,0.9122036077002648
qwen2.5-7b,truthfulqa,probe_linear,19,0.9145299145299145,0.019752409564102007,0.8083333333333332,0.8192752355970078,0.9310709666551146
qwen2.5-7b,truthfulqa,probe_linear,20,0.8963935793204086,0.018978205839884972,0.7708333333333334,0.7999113475177305,0.9141522651336523
qwen2.5-7b,truthfulqa,probe_linear,21,0.8732541171565562,0.02395790352063148,0.7833333333333333,0.7751524515401896,0.8971654757870953
qwen2.5-7b,truthfulqa,probe_linear,22,0.8678340629560141,0.02138759562840209,0.7666666666666666,0.7986598098800063,0.8865335913437943
qwen2.5-7b,truthfulqa,probe_linear,23,0.8547008547008548,0.009557551291513583,0.7666666666666666,0.7728037387708403,0.8700587597511165
qwen2.5-7b,truthfulqa,probe_linear,24,0.8494892641234105,0.010481388442757105,0.7541666666666668,0.7310620725254872,0.871876180612931
qwen2.5-7b,truthfulqa,probe_linear,25,0.8025849489264124,0.03807986235990973,0.725,0.7477570738440303,0.8035074660480407
qwen2.5-7b,truthfulqa,probe_linear,26,0.810089639357932,0.01577451274746101,0.7458333333333332,0.7435120473095157,0.8175915483741978
qwen2.5-7b,truthfulqa,probe_linear,27,0.7658953512612049,0.03530490093982858,0.7083333333333334,0.6644780226635155,0.7712434081081773
qwen2.5-7b,truthfulqa,probe_linear,28,0.7952887221179904,0.0363671945344531,0.7125,0.7458783513405361,0.7950717574637546
qwen2.5-7b,truthfulqa,probe_mlp,0,0.5004169272461956,0.0002948120830463245,0.5125,0.6758802694631573,0.5127084636230977
qwen2.5-7b,truthfulqa,probe_mlp,1,0.6848030018761726,0.06812073213552847,0.5750000000000001,0.6208595387840671,0.6977752374834402
qwen2.5-7b,truthfulqa,probe_mlp,2,0.7181571815718159,0.05383288010678593,0.5958333333333333,0.6910065484918738,0.7521570326374697
qwen2.5-7b,truthfulqa,probe_mlp,3,0.7771523869084844,0.05977928386802551,0.6333333333333334,0.6821600922181194,0.8184303713849553
qwen2.5-7b,truthfulqa,probe_mlp,4,0.8021680216802167,0.055132224281745926,0.7291666666666666,0.7355725064835713,0.8362345435534655
qwen2.5-7b,truthfulqa,probe_mlp,5,0.8090473212424433,0.021478835726314396,0.6958333333333334,0.7239471149636634,0.8446893304226153
qwen2.5-7b,truthfulqa,probe_mlp,6,0.7994579945799458,0.027651110347252403,0.6875,0.7117644518618432,0.839910360914374
qwen2.5-7b,truthfulqa,probe_mlp,7,0.7746508234313113,0.06023336252274488,0.6916666666666668,0.7206774519716886,0.8182561413406333
qwen2.5-7b,truthfulqa,probe_mlp,8,0.8384406920992288,0.0067998776027934915,0.7541666666666668,0.7540678499582608,0.8715588370348452
qwen2.5-7b,truthfulqa,probe_mlp,9,0.8157181571815718,0.028477992681674776,0.7374999999999999,0.7326614285518395,0.8534082152784349
qwen2.5-7b,truthfulqa,probe_mlp,10,0.8515739003543882,0.0091676603824457,0.75,0.7385915327091798,0.8805108461376522
qwen2.5-7b,truthfulqa,probe_mlp,11,0.8434438190535752,0.01640649770269001,0.7666666666666666,0.7664607366099903,0.87445197069551
qwen2.5-7b,truthfulqa,probe_mlp,12,0.8614759224515322,0.026445728419959996,0.7791666666666667,0.7867340138201971,0.875002922990736
qwen2.5-7b,truthfulqa,probe_mlp,13,0.8644986449864499,0.024260723829020083,0.7708333333333334,0.7655014968447804,0.8875703352485894
qwen2.5-7b,truthfulqa,probe_mlp,14,0.8857619345424225,0.016861086307184716,0.7875000000000001,0.8030829546467076,0.907371663906234
qwen2.5-7b,truthfulqa,probe_mlp,15,0.8855534709193246,0.020798360410651463,0.775,0.7938483070980841,0.9082372220401355
qwen2.5-7b,truthfulqa,probe_mlp,16,0.9053575151136126,0.026068790741817165,0.8125,0.826380206881724,0.9227287377564904
qwen2.5-7b,truthfulqa,probe_mlp,17,0.9057744423598083,0.027433369256457285,0.7958333333333334,0.8183686683686684,0.9220222761390774
qwen2.5-7b,truthfulqa,probe_mlp,18,0.9084844694600792,0.03276528280906979,0.7875000000000001,0.8029095033665038,0.9228981253502834
qwen2.5-7b,truthfulqa,probe_mlp,19,0.924953095684803,0.0240646852628116,0.8333333333333334,0.841674034777483,0.9350403230937
qwen2.5-7b,truthfulqa,probe_mlp,20,0.9076506149676881,0.02046556517202397,0.8041666666666667,0.8243423243423242,0.919967853868414
qwen2.5-7b,truthfulqa,probe_mlp,21,0.8859703981655201,0.022012416178802233,0.7458333333333332,0.7702774632484588,0.8973724474484676
qwen2.5-7b,truthfulqa,probe_mlp,22,0.8926412341046488,0.013357948170607316,0.7624999999999998,0.7896621896621897,0.9111184833127138
qwen2.5-7b,truthfulqa,probe_mlp,23,0.8728371899103605,0.01665883929456494,0.7208333333333333,0.7250518615569385,0.8932613271481117
qwen2.5-7b,truthfulqa,probe_mlp,24,0.8530331457160726,0.01903079931795235,0.7208333333333333,0.7603820347718062,0.8759937757663524
qwen2.5-7b,truthfulqa,probe_mlp,25,0.8526162184698771,0.026730532070898105,0.7333333333333334,0.7576876830229495,0.8727830021920203
qwen2.5-7b,truthfulqa,probe_mlp,26,0.8319783197831977,0.020040717384289485,0.6749999999999999,0.7462231005709267,0.8491051595422995
qwen2.5-7b,truthfulqa,probe_mlp,27,0.8157181571815718,0.02259114810780746,0.6875,0.742092092092092,0.830790768453017
qwen2.5-7b,truthfulqa,probe_mlp,28,0.8221805294976026,0.01812794680200931,0.7458333333333332,0.7688127475361518,0.8409236957166571
llama3.1-8b,fever,attention_entropy,16,0.6862789243277049,,0.6825,0.6539509536784741,0.6064247954318518
llama3.1-8b,halueval_qa,attention_entropy,0,0.9409235230880771,,0.8625,0.8578811369509044,0.940450177307613
llama3.1-8b,synthetic,attention_entropy,31,0.6393000000000001,,0.6375,0.6401985111662531,0.6094269169591543
llama3.1-8b,truthfulqa,attention_entropy,31,0.6030662264905962,,0.5975,0.5706666666666667,0.5486325656003246
mistral-7b,fever,attention_entropy,16,0.5800625390869294,,0.5775,0.6626746506986028,0.5653780805675992
mistral-7b,halueval_qa,attention_entropy,0,0.9022975574389359,,0.85,0.8404255319148937,0.8808857978226828
mistral-7b,synthetic,attention_entropy,16,0.7736999999999999,,0.735,0.7253886010362695,0.7688172074467494
mistral-7b,truthfulqa,attention_entropy,31,0.581032412965186,,0.59,0.5314285714285715,0.5232123007273991
qwen2.5-7b,fever,attention_entropy,27,0.6089305816135083,,0.6125,0.49838187702265374,0.5403344689451947
qwen2.5-7b,halueval_qa,attention_entropy,0,0.8661466536663417,,0.8025,0.8058968058968059,0.8418649242133277
qwen2.5-7b,synthetic,attention_entropy,27,0.6828,,0.6625,0.5360824742268041,0.6109599199345147
qwen2.5-7b,truthfulqa,attention_entropy,14,0.4885704281712685,,0.5175,0.4987012987012987,0.47673953258063473
llama3.1-8b,fever,INSIDE,-1,0.5181238273921202,,0.5375,0.5747126436781609,0.4929638138005084
llama3.1-8b,halueval_qa,INSIDE,-1,0.5289382234555864,,0.5525,0.5885057471264368,0.531749181629753
llama3.1-8b,synthetic,INSIDE,-1,0.518475,,0.54,0.3235294117647059,0.512751513170187
llama3.1-8b,truthfulqa,INSIDE,-1,0.4325230092036815,,0.5275,0.6812816188870152,0.48040311370973093
mistral-7b,fever,INSIDE,-1,0.5267792370231393,,0.56,0.5532994923857868,0.5097177441907796
mistral-7b,halueval_qa,INSIDE,-1,0.43853596339908496,,0.5025,0.667779632721202,0.44910822171453896
mistral-7b,synthetic,INSIDE,-1,0.5284875,,0.54,0.5233160621761658,0.5323502270111408
mistral-7b,truthfulqa,INSIDE,-1,0.5253601440576231,,0.5575,0.6452905811623246,0.5327587635275288
qwen2.5-7b,fever,INSIDE,-1,0.4969606003752346,,0.52,0.3191489361702128,0.47878563318308126
qwen2.5-7b,halueval_qa,INSIDE,-1,0.4908872721818045,,0.515,0.3782051282051282,0.49525306558065596
qwen2.5-7b,synthetic,INSIDE,-1,0.48882499999999995,,0.5175,0.4987012987012987,0.5006658889984337
qwen2.5-7b,truthfulqa,INSIDE,-1,0.5059273709483794,,0.54,0.6213991769547325,0.5144231135350841
llama3.1-8b,fever,self_consistency_exact,-1,0.5,,0.5125,0.6776859504132231,0.4875
llama3.1-8b,fever,self_consistency_semantic,-1,0.46756722951844903,,0.51,0.5811965811965812,0.4727223464073633
llama3.1-8b,halueval_qa,self_consistency_exact,-1,0.5022875571889297,,0.5,0.07407407407407407,0.49865840747750295
llama3.1-8b,halueval_qa,self_consistency_semantic,-1,0.48851221280532015,,0.52,0.625,0.5044349244986822
llama3.1-8b,synthetic,self_consistency_exact,-1,0.5,,0.5,0.6666666666666666,0.5
llama3.1-8b,synthetic,self_consistency_semantic,-1,0.50245,,0.525,0.3790849673202614,0.49828757195810225
llama3.1-8b,truthfulqa,self_consistency_exact,-1,0.5,,0.51,0.6754966887417219,0.49
llama3.1-8b,truthfulqa,self_consistency_semantic,-1,0.5107292917166867,,0.5325,0.4904632152588556,0.49206701188149243
mistral-7b,fever,self_consistency_exact,-1,0.5,,0.5125,0.6776859504132231,0.4875
mistral-7b,fever,self_consistency_semantic,-1,0.4246904315196998,,0.5025,0.16736401673640167,0.44209297155160104
mistral-7b,halueval_qa,self_consistency_exact,-1,0.4665241631040776,,0.5,0.009900990099009901,0.4803251308605532
mistral-7b,halueval_qa,self_consistency_semantic,-1,0.46461161529038225,,0.505,0.12389380530973451,0.4702313166457908
mistral-7b,synthetic,self_consistency_exact,-1,0.5,,0.5,0.6666666666666666,0.5
mistral-7b,synthetic,self_consistency_semantic,-1,0.5024500000000001,,0.5275,0.4037854889589905,0.5004256997643902
mistral-7b,truthfulqa,self_consistency_exact,-1,0.5021383553421369,,0.4975,0.03827751196172249,0.4910581766176017
mistral-7b,truthfulqa,self_consistency_semantic,-1,0.541141456582633,,0.5525,0.6469428007889546,0.5327449888611359
qwen2.5-7b,fever,self_consistency_exact,-1,0.5024390243902439,,0.49,0.009708737864077669,0.48872180451127817
qwen2.5-7b,fever,self_consistency_semantic,-1,0.4656660412757974,,0.5275,0.676923076923077,0.4848694883293519
qwen2.5-7b,halueval_qa,self_consistency_exact,-1,0.5050626265656641,,0.505,0.038834951456310676,0.5000573120352564
qwen2.5-7b,halueval_qa,self_consistency_semantic,-1,0.5216630415760394,,0.54,0.6654545454545454,0.5359956593261661
qwen2.5-7b,synthetic,self_consistency_exact,-1,0.5,,0.5,0.6666666666666666,0.5
qwen2.5-7b,synthetic,self_consistency_semantic,-1,0.5018,,0.5225,0.5649202733485194,0.5152851193300017
qwen2.5-7b,truthfulqa,self_consistency_exact,-1,0.5020758303321329,,0.4975,0.03827751196172249,0.491012748197991
qwen2.5-7b,truthfulqa,self_consistency_semantic,-1,0.47806622649059627,,0.515,0.6056910569105691,0.470166320793935
